0.434819,0.148734,0.442904,0.244028,0.374791,0.238633,0.355796,0.363975,0.323125,0.481185,0.508423,0.249413,0.524667,0.372079,0.546554,0.491946,0.432049,0.467480,0.388445,0.464753,0.402101,0.655559,0.415712,0.838143,0.475628,0.467524,0.462053,0.658146,0.453894,0.838122,0.000000
0.494442,0.181084,0.502597,0.295434,0.423529,0.295436,0.407158,0.431723,0.385304,0.540648,0.581536,0.295459,0.600585,0.426318,0.622483,0.535218,0.505242,0.543357,0.450701,0.540694,0.448070,0.739603,0.434411,0.927677,0.559729,0.546118,0.562453,0.736835,0.578730,0.922231,0.000000
0.513441,0.126574,0.510851,0.254709,0.420942,0.254621,0.396370,0.407269,0.366444,0.524406,0.603402,0.254715,0.622593,0.412716,0.644329,0.538078,0.510696,0.551655,0.453649,0.548987,0.472600,0.731511,0.491758,0.903259,0.562571,0.554352,0.551607,0.734170,0.535428,0.903126,0.000000
0.491636,0.126543,0.491701,0.254761,0.401813,0.254755,0.379925,0.410055,0.358241,0.538130,0.581622,0.254629,0.608823,0.407322,0.636087,0.529802,0.491793,0.546254,0.439874,0.546242,0.448227,0.736918,0.467149,0.903178,0.548890,0.548934,0.529859,0.731560,0.510740,0.903193,0.000000
0.456477,0.083304,0.456531,0.194998,0.383071,0.192282,0.342051,0.320322,0.301189,0.423733,0.527372,0.197690,0.570929,0.317626,0.611840,0.426471,0.445681,0.462030,0.399285,0.459270,0.410180,0.666404,0.413021,0.838022,0.492025,0.464661,0.497410,0.669057,0.492011,0.838072,0.000000
0.412528,0.093814,0.420838,0.213744,0.333624,0.216356,0.319975,0.363528,0.300856,0.497121,0.510666,0.213705,0.529753,0.357998,0.557066,0.494384,0.428880,0.494287,0.374436,0.494364,0.390782,0.704116,0.398981,0.919452,0.483477,0.491592,0.466994,0.709642,0.450700,0.924914,0.000000
0.513543,0.102078,0.516285,0.224708,0.429056,0.224640,0.420823,0.374481,0.407241,0.497219,0.608844,0.224714,0.622530,0.369094,0.647023,0.505308,0.524405,0.505333,0.469992,0.505382,0.494370,0.709696,0.497219,0.911355,0.578826,0.505381,0.554308,0.709736,0.543546,0.922154,0.000000
0.488882,0.102147,0.480863,0.224683,0.390933,0.224591,0.379940,0.371749,0.358165,0.505353,0.570756,0.224665,0.581670,0.374480,0.595262,0.497179,0.475323,0.502558,0.423660,0.499924,0.445443,0.706903,0.459042,0.919543,0.527109,0.502615,0.505397,0.709624,0.505271,0.916815,0.000000
0.478411,0.075184,0.478417,0.197790,0.383002,0.197786,0.347660,0.353032,0.304071,0.492126,0.576458,0.195015,0.620018,0.347713,0.666371,0.489414,0.483936,0.473018,0.423935,0.475646,0.432117,0.699088,0.437509,0.925354,0.546546,0.475698,0.532972,0.701918,0.538294,0.914433,0.000000
0.505310,0.110251,0.513459,0.235653,0.426253,0.238373,0.404591,0.385498,0.355543,0.513443,0.600806,0.232951,0.638833,0.388186,0.706920,0.513463,0.521720,0.497163,0.467225,0.499870,0.480789,0.696143,0.472644,0.875880,0.578911,0.494470,0.581688,0.696023,0.595294,0.867769,0.000000
0.396971,0.287846,0.399629,0.350534,0.350598,0.347809,0.361553,0.244340,0.399701,0.148913,0.445975,0.353296,0.448735,0.244279,0.424188,0.154401,0.396856,0.554946,0.355997,0.557648,0.364132,0.732061,0.377900,0.881959,0.437731,0.554897,0.424232,0.734808,0.405020,0.892866,0.000000
0.532557,0.287322,0.532406,0.358017,0.480807,0.360765,0.469935,0.458908,0.458878,0.546064,0.578838,0.355327,0.592433,0.445229,0.614244,0.535245,0.535268,0.524393,0.505301,0.527033,0.516118,0.668701,0.518828,0.804937,0.567923,0.524309,0.554400,0.668807,0.548914,0.804945,0.000000
0.604052,0.282536,0.601273,0.345176,0.554847,0.345205,0.555012,0.252474,0.582126,0.146186,0.647665,0.347806,0.647548,0.249795,0.604066,0.151746,0.609473,0.546738,0.568548,0.546757,0.579378,0.731980,0.601352,0.898240,0.650387,0.546751,0.639319,0.732022,0.622988,0.892891,0.000000
0.516678,0.099837,0.524920,0.203297,0.443203,0.198024,0.415944,0.336984,0.418575,0.454160,0.606619,0.203332,0.641988,0.345119,0.628518,0.470491,0.522144,0.451351,0.470364,0.454066,0.495012,0.674778,0.503072,0.879185,0.573960,0.448649,0.582239,0.672116,0.593085,0.876361,0.000000
0.486803,0.099767,0.478610,0.203326,0.396870,0.203342,0.364122,0.347762,0.374995,0.470386,0.560323,0.200667,0.587572,0.339665,0.587536,0.456834,0.478565,0.448672,0.424149,0.445880,0.418724,0.669316,0.407848,0.873686,0.530397,0.451379,0.505850,0.669363,0.500484,0.876455,0.000000
0.521803,0.164915,0.524437,0.235714,0.429199,0.235691,0.396486,0.393651,0.363776,0.532723,0.614432,0.235589,0.641620,0.379993,0.663437,0.524403,0.513499,0.524510,0.453614,0.524438,0.472677,0.734237,0.486367,0.935982,0.570837,0.527210,0.538132,0.734367,0.529836,0.935971,0.000000
0.480810,0.167497,0.478141,0.235593,0.385508,0.235593,0.361086,0.380045,0.341938,0.521696,0.573596,0.235586,0.603561,0.393624,0.641564,0.532624,0.489029,0.521789,0.429157,0.524455,0.464508,0.731561,0.475481,0.933222,0.548944,0.521730,0.529831,0.731568,0.516320,0.944115,0.000000
0.554793,0.110730,0.552027,0.230550,0.464832,0.230607,0.437631,0.377708,0.407687,0.503096,0.636582,0.227764,0.669352,0.372320,0.707318,0.492193,0.552106,0.494912,0.497597,0.497564,0.505830,0.693759,0.489502,0.881839,0.606537,0.494868,0.595600,0.691025,0.598384,0.870852,0.000000
0.448619,0.113347,0.451299,0.227936,0.364184,0.225125,0.334159,0.372343,0.296077,0.492113,0.538528,0.230587,0.571199,0.377684,0.595739,0.502988,0.448611,0.492174,0.399447,0.492189,0.407710,0.691147,0.405015,0.876353,0.502996,0.492153,0.494979,0.691009,0.513935,0.876332,0.000000
0.480794,0.102016,0.480787,0.227388,0.401714,0.230002,0.382736,0.382565,0.349961,0.513419,0.559754,0.227347,0.578878,0.379856,0.619581,0.502491,0.486137,0.499816,0.428919,0.499800,0.447963,0.709599,0.453431,0.914022,0.540667,0.499826,0.527126,0.706934,0.524279,0.908476,0.000000
0.516105,0.077526,0.516189,0.191843,0.431650,0.197361,0.398939,0.344559,0.355321,0.491557,0.606089,0.186383,0.638736,0.336336,0.668836,0.486157,0.510689,0.445366,0.453493,0.442604,0.461720,0.679601,0.467007,0.900306,0.567922,0.450704,0.562492,0.685021,0.557063,0.892164,0.000000
0.546575,0.102519,0.541108,0.211498,0.445865,0.216950,0.426661,0.364137,0.516735,0.282284,0.633868,0.208735,0.663863,0.358666,0.568400,0.276915,0.543864,0.500264,0.486612,0.500354,0.492058,0.726525,0.497591,0.941744,0.601200,0.497634,0.592875,0.720962,0.595675,0.944432,0.000000
0.489570,0.309194,0.489582,0.380283,0.429408,0.380169,0.399388,0.478550,0.355561,0.560612,0.552313,0.382931,0.579602,0.478611,0.628877,0.566013,0.486705,0.568765,0.448476,0.568660,0.467507,0.729928,0.467599,0.882873,0.522304,0.568780,0.516760,0.732675,0.514126,0.880230,0.000000
0.456722,0.102447,0.464932,0.214148,0.369593,0.208807,0.339601,0.358698,0.432231,0.274162,0.557485,0.214253,0.576631,0.366849,0.478484,0.274247,0.453977,0.497571,0.396714,0.497580,0.405041,0.718241,0.407606,0.944448,0.513967,0.500266,0.505806,0.726413,0.505703,0.936219,0.000000
0.516625,0.113339,0.516555,0.230610,0.426666,0.233197,0.391330,0.369398,0.372252,0.489380,0.606563,0.230501,0.644573,0.374831,0.660969,0.494770,0.516614,0.500273,0.453906,0.500257,0.478447,0.707326,0.500257,0.903571,0.579340,0.500292,0.560127,0.701900,0.551948,0.898037,0.000000
0.570621,0.069303,0.568009,0.205655,0.483435,0.205642,0.442644,0.355446,0.371856,0.464393,0.655131,0.205643,0.690516,0.363638,0.758744,0.472702,0.565306,0.499886,0.510797,0.499840,0.513454,0.704236,0.499871,0.892170,0.622395,0.499899,0.638869,0.696102,0.641550,0.881395,0.000000
0.554703,0.211409,0.549275,0.312165,0.486639,0.312204,0.448541,0.432060,0.410276,0.527535,0.609268,0.309526,0.644662,0.423916,0.690988,0.524690,0.554705,0.508362,0.513811,0.505717,0.516601,0.693755,0.530104,0.862687,0.595591,0.508396,0.579229,0.690988,0.568387,0.859959,0.000000
0.448460,0.211450,0.453857,0.312192,0.388564,0.312138,0.355869,0.423995,0.312278,0.527446,0.516583,0.312204,0.554613,0.429395,0.592815,0.527513,0.448455,0.505635,0.404969,0.505632,0.423987,0.693731,0.437473,0.857216,0.489315,0.505614,0.483880,0.693643,0.475732,0.859972,0.000000
0.595933,0.100144,0.587769,0.220033,0.506045,0.222637,0.457020,0.364417,0.405228,0.486931,0.669633,0.219940,0.715831,0.353539,0.775873,0.478813,0.593316,0.459776,0.541461,0.459730,0.552309,0.683244,0.560617,0.903821,0.645088,0.459766,0.628675,0.685968,0.614999,0.895697,0.000000
0.540846,0.208329,0.548903,0.298312,0.486280,0.298297,0.472661,0.420811,0.456358,0.535419,0.608961,0.298267,0.619910,0.423567,0.638829,0.535384,0.543553,0.497215,0.508018,0.494507,0.513582,0.682533,0.524502,0.867688,0.581619,0.499878,0.570814,0.693382,0.559793,0.862350,0.000000
0.507713,0.131599,0.507608,0.224386,0.428616,0.224309,0.414991,0.357785,0.363259,0.488523,0.583969,0.224379,0.600340,0.357840,0.635824,0.488577,0.505002,0.464152,0.455915,0.464092,0.477678,0.684755,0.488697,0.889238,0.554071,0.466855,0.534927,0.687484,0.524105,0.894611,0.000000
0.534843,0.098888,0.529353,0.227057,0.436753,0.226945,0.404119,0.368623,0.355048,0.494009,0.616633,0.229780,0.643994,0.376802,0.701150,0.496791,0.524050,0.496786,0.466714,0.496735,0.464008,0.709313,0.461387,0.927231,0.583988,0.499507,0.575663,0.712009,0.572991,0.921858,0.000000
0.486394,0.101735,0.493154,0.213455,0.389499,0.213467,0.372634,0.363288,0.339125,0.494088,0.593632,0.210689,0.627048,0.360606,0.640515,0.488747,0.489775,0.483244,0.419517,0.480536,0.446410,0.706568,0.466349,0.924585,0.556841,0.485896,0.543403,0.706566,0.526660,0.924588,0.000000
0.483911,0.248632,0.515221,0.332135,0.436805,0.326538,0.373953,0.215390,0.358239,0.112307,0.593678,0.337700,0.640731,0.212569,0.660233,0.103919,0.495601,0.557550,0.440710,0.557546,0.468092,0.738329,0.468210,0.885865,0.550549,0.557562,0.554482,0.735674,0.570114,0.897049,0.000000
0.489954,0.080433,0.489886,0.203176,0.384321,0.205766,0.361252,0.347754,0.308398,0.492302,0.592191,0.203157,0.618707,0.350514,0.671505,0.489547,0.490001,0.478729,0.423914,0.478722,0.437132,0.707929,0.470132,0.912403,0.559185,0.478708,0.552746,0.702336,0.526240,0.907034,0.000000
0.498955,0.160737,0.485237,0.283171,0.303382,0.280484,0.240648,0.428607,0.198858,0.548276,0.680784,0.283302,0.729731,0.434291,0.771388,0.551034,0.478028,0.516849,0.366404,0.516860,0.380286,0.719155,0.414900,0.927171,0.582961,0.514046,0.541115,0.722066,0.526945,0.924247,0.000000
0.485213,0.129345,0.489136,0.246360,0.368205,0.243702,0.315998,0.382697,0.299726,0.494434,0.610069,0.243765,0.658396,0.374588,0.690476,0.494372,0.489041,0.502636,0.400579,0.502621,0.428803,0.696061,0.436977,0.886749,0.569847,0.505295,0.537568,0.696110,0.509398,0.889596,0.000000
0.500094,0.074998,0.500078,0.208621,0.412926,0.211211,0.339364,0.298418,0.453740,0.273975,0.589963,0.211230,0.669057,0.290196,0.549105,0.273942,0.502748,0.467442,0.445506,0.467447,0.429218,0.699055,0.418306,0.922453,0.557399,0.470120,0.551913,0.696302,0.554524,0.930551,0.000000
0.477580,0.077365,0.484713,0.208208,0.381588,0.210935,0.342618,0.339039,0.299824,0.467075,0.587659,0.205465,0.619602,0.333571,0.665747,0.453471,0.484702,0.475260,0.417069,0.472608,0.438407,0.685155,0.449054,0.886750,0.555613,0.475276,0.527182,0.690549,0.498994,0.892157,0.000000
0.504104,0.098526,0.508374,0.238662,0.357490,0.244197,0.298739,0.389825,0.193892,0.510342,0.651140,0.235835,0.705598,0.381534,0.793799,0.504705,0.504270,0.496260,0.424495,0.493480,0.428655,0.712045,0.478860,0.910940,0.583982,0.493534,0.571278,0.723155,0.545997,0.908127,0.000000
0.496316,0.115367,0.503681,0.229789,0.395806,0.229877,0.373427,0.377092,0.317658,0.510455,0.611785,0.224450,0.637751,0.366132,0.686231,0.494260,0.503789,0.499616,0.432989,0.499616,0.459008,0.701203,0.462818,0.902831,0.578085,0.496953,0.570656,0.695880,0.566985,0.905590,0.000000
0.528696,0.101992,0.528554,0.219016,0.383773,0.216332,0.311299,0.360621,0.219410,0.472327,0.673671,0.219065,0.717213,0.363409,0.794300,0.488624,0.528778,0.450484,0.441790,0.450499,0.480251,0.671008,0.509453,0.861611,0.620369,0.450445,0.596199,0.668308,0.581886,0.856296,0.000000
0.525520,0.249195,0.525642,0.350364,0.335927,0.350354,0.173293,0.217317,0.218584,0.098999,0.706481,0.347484,0.877882,0.217331,0.841655,0.101720,0.516656,0.587352,0.381330,0.587322,0.408140,0.757967,0.444152,0.931201,0.652062,0.587427,0.616140,0.763604,0.580042,0.928435,0.000000
0.479527,0.145962,0.486980,0.262055,0.290708,0.259299,0.263050,0.397919,0.199976,0.516891,0.696569,0.262186,0.731657,0.403578,0.822362,0.522502,0.486535,0.525369,0.361052,0.525339,0.367713,0.706545,0.388969,0.853651,0.605559,0.528113,0.605573,0.703599,0.598754,0.848067,0.000000
0.490871,0.134162,0.490581,0.238457,0.262353,0.238449,0.222854,0.377450,0.199282,0.504944,0.718946,0.238443,0.758373,0.374716,0.805504,0.496425,0.482970,0.484792,0.348766,0.487574,0.411620,0.710673,0.412212,0.927961,0.632273,0.484712,0.593100,0.710778,0.577391,0.913561,0.000000
0.487766,0.099242,0.493903,0.227141,0.329818,0.229858,0.265517,0.355074,0.195585,0.477588,0.668935,0.224465,0.716043,0.349702,0.780297,0.469520,0.499447,0.483067,0.394150,0.483087,0.411766,0.690079,0.440882,0.888721,0.610576,0.483064,0.563818,0.695439,0.528714,0.891480,0.000000
0.500063,0.075094,0.497400,0.211303,0.412894,0.211316,0.328510,0.290244,0.448355,0.271261,0.589965,0.211369,0.660833,0.301131,0.538267,0.276681,0.497326,0.470177,0.442787,0.472800,0.448258,0.701654,0.448346,0.930643,0.554567,0.470169,0.570929,0.698964,0.584499,0.925154,0.000000
0.484575,0.273773,0.508303,0.336536,0.341866,0.342042,0.238869,0.197260,0.460384,0.107032,0.674465,0.328293,0.777217,0.202583,0.547980,0.112441,0.508063,0.560586,0.389441,0.560563,0.413413,0.708172,0.444803,0.855614,0.619095,0.560619,0.587434,0.705343,0.579520,0.847561,0.000000
0.483002,0.127895,0.477518,0.260370,0.422185,0.257617,0.400174,0.403967,0.366977,0.528378,0.532731,0.260498,0.558554,0.403994,0.587972,0.525627,0.479304,0.506257,0.446152,0.503540,0.449849,0.718960,0.457207,0.934371,0.512520,0.506272,0.505152,0.724580,0.492270,0.931700,0.000000
0.540954,0.093441,0.525030,0.229593,0.354138,0.226889,0.284681,0.376742,0.188470,0.510245,0.695725,0.229723,0.775889,0.376705,0.861335,0.502203,0.530368,0.483038,0.428884,0.480339,0.444760,0.706531,0.455673,0.935440,0.637100,0.483068,0.615545,0.711990,0.572908,0.930027,0.000000
0.000000,0.000000,0.496220,0.199791,0.656090,0.202527,0.741177,0.352637,0.871191,0.499974,0.336212,0.197096,0.286181,0.336196,0.151121,0.491720,0.491103,0.459028,0.591186,0.461765,0.575976,0.720942,0.551078,0.958319,0.386185,0.461709,0.421124,0.715443,0.436286,0.955604,0.000000
0.595193,0.200094,0.592411,0.317166,0.510672,0.314514,0.464454,0.439773,0.448078,0.559703,0.674241,0.319954,0.704174,0.450691,0.704207,0.559815,0.578809,0.537944,0.529763,0.535227,0.532556,0.747795,0.535298,0.938550,0.627833,0.537978,0.622430,0.745044,0.630529,0.933095,0.000000
0.500373,0.096579,0.525358,0.202356,0.324326,0.202373,0.179661,0.311030,0.368332,0.278401,0.726670,0.197020,0.827433,0.308313,0.563420,0.264743,0.512933,0.479222,0.380772,0.479271,0.437344,0.704577,0.487820,0.921718,0.638927,0.476591,0.613522,0.704585,0.582278,0.921713,0.000000
0.514547,0.085333,0.506681,0.211815,0.278012,0.211837,0.223252,0.355231,0.144201,0.484743,0.735203,0.211768,0.790203,0.358124,0.852995,0.490320,0.498641,0.487425,0.349196,0.484684,0.404357,0.704050,0.427817,0.909331,0.648109,0.487518,0.585394,0.706768,0.538394,0.906489,0.000000
0.508751,0.248888,0.519587,0.322391,0.408667,0.325134,0.376907,0.197048,0.424489,0.074569,0.625056,0.317098,0.646055,0.186304,0.593365,0.077317,0.519449,0.559545,0.434986,0.559480,0.440156,0.733947,0.471805,0.891927,0.604003,0.562194,0.598614,0.731225,0.572305,0.891928,0.000000
0.492478,0.085306,0.500405,0.205315,0.263466,0.207922,0.208148,0.349656,0.160479,0.485853,0.737486,0.202569,0.792723,0.349611,0.840189,0.483147,0.500319,0.472342,0.342453,0.472284,0.405525,0.706570,0.421472,0.921895,0.658429,0.472313,0.603047,0.703924,0.595181,0.908233,0.000000
0.505680,0.088725,0.521676,0.219513,0.359405,0.227585,0.286022,0.363735,0.165517,0.483609,0.683876,0.211322,0.767402,0.352894,0.882691,0.478120,0.532049,0.472640,0.437929,0.472678,0.479718,0.676808,0.521493,0.889224,0.626248,0.469925,0.610667,0.674159,0.605341,0.886538,0.000000
0.509882,0.072740,0.526975,0.211349,0.366155,0.211324,0.262982,0.358111,0.165365,0.483041,0.682214,0.211340,0.797028,0.347184,0.917901,0.464000,0.515516,0.477592,0.400634,0.477626,0.458329,0.686929,0.515484,0.898738,0.624860,0.477628,0.619001,0.681351,0.607552,0.893375,0.000000
0.494027,0.107933,0.486689,0.225025,0.270989,0.225034,0.206211,0.355599,0.148632,0.486250,0.688305,0.224938,0.767464,0.355595,0.875536,0.483590,0.508567,0.472719,0.378889,0.475367,0.436430,0.690413,0.494218,0.910822,0.645394,0.472646,0.602032,0.687667,0.602063,0.913526,0.000000
0.523944,0.137969,0.533382,0.252895,0.393239,0.252962,0.349934,0.389790,0.238856,0.510176,0.678299,0.252826,0.712326,0.392441,0.789644,0.512950,0.533404,0.499191,0.441725,0.499191,0.456259,0.696203,0.480411,0.882219,0.629957,0.499154,0.605856,0.696162,0.605896,0.890554,0.000000
0.650804,0.261266,0.596893,0.317970,0.498011,0.315185,0.488653,0.201888,0.560588,0.096949,0.677656,0.323610,0.588041,0.204634,0.569586,0.099821,0.479850,0.555941,0.398663,0.558783,0.497692,0.737241,0.533614,0.890226,0.560950,0.553149,0.614903,0.742856,0.614568,0.904421,0.000000
0.466878,0.098854,0.472323,0.229640,0.385092,0.232477,0.355086,0.379587,0.297789,0.496732,0.562157,0.226970,0.597531,0.371366,0.646556,0.491304,0.474926,0.491325,0.415012,0.491325,0.425963,0.706507,0.431309,0.921862,0.534943,0.491318,0.537636,0.709276,0.537729,0.924475,0.000000
0.581555,0.262352,0.537602,0.322248,0.407047,0.322239,0.396225,0.199597,0.494102,0.079839,0.646849,0.324990,0.548909,0.196983,0.505267,0.085158,0.395972,0.572965,0.286774,0.578412,0.407195,0.769168,0.450573,0.932688,0.505031,0.570203,0.570354,0.769213,0.570570,0.951690,0.000000
0.456028,0.080066,0.460811,0.212160,0.325732,0.212149,0.210019,0.344178,0.099092,0.439775,0.596058,0.209395,0.745617,0.330236,0.890169,0.434164,0.465809,0.487492,0.374053,0.487448,0.402915,0.698197,0.441406,0.863871,0.557505,0.487477,0.557234,0.695363,0.538195,0.866672,0.000000
0.442638,0.116414,0.453278,0.250822,0.306435,0.250807,0.227793,0.396361,0.144216,0.519740,0.615344,0.247999,0.678373,0.393566,0.772500,0.519724,0.447964,0.500035,0.353743,0.502865,0.379786,0.724188,0.421715,0.948159,0.542243,0.497210,0.531685,0.724126,0.521122,0.939855,0.000000
0.000000,0.000000,0.506629,0.338679,0.757264,0.336104,0.769453,0.240609,0.586092,0.098960,0.277659,0.338818,0.300753,0.221563,0.403371,0.093442,0.540705,0.564907,0.712053,0.564881,0.655074,0.771930,0.609140,0.959989,0.368957,0.564933,0.414729,0.763766,0.437944,0.946388,0.000000
0.547059,0.230546,0.546782,0.306758,0.428691,0.298676,0.422985,0.159593,0.487990,0.031731,0.659213,0.312169,0.694615,0.165131,0.676980,0.034414,0.534890,0.538365,0.434651,0.538389,0.434819,0.715525,0.422909,0.900858,0.629699,0.538376,0.629656,0.712802,0.641548,0.898074,0.000000
0.489928,0.235339,0.489591,0.308680,0.337799,0.303270,0.330457,0.161999,0.417425,0.036956,0.627339,0.311398,0.670812,0.167438,0.641909,0.042353,0.468014,0.542303,0.352056,0.539707,0.351875,0.713556,0.337441,0.901008,0.591010,0.539706,0.591072,0.713553,0.605792,0.903727,0.000000
0.511448,0.309235,0.514054,0.380289,0.453943,0.382992,0.423892,0.478507,0.374712,0.568671,0.574191,0.380103,0.601465,0.475899,0.647999,0.560538,0.516739,0.566049,0.478631,0.568662,0.489382,0.735364,0.486839,0.885578,0.554987,0.565996,0.535970,0.732631,0.533225,0.882858,0.000000
0.507936,0.165496,0.512051,0.260207,0.394841,0.260185,0.357361,0.402255,0.307045,0.521932,0.629122,0.260167,0.658455,0.402268,0.721059,0.522041,0.511952,0.499787,0.436750,0.499722,0.470187,0.691857,0.486949,0.867473,0.583187,0.502523,0.553823,0.686421,0.541356,0.867396,0.000000
0.505869,0.232783,0.502368,0.300836,0.438506,0.295370,0.425114,0.164539,0.438629,0.050186,0.572968,0.306313,0.576448,0.159186,0.562918,0.050244,0.505869,0.532466,0.451987,0.535164,0.468694,0.717786,0.475531,0.903080,0.559660,0.529772,0.539492,0.717673,0.525950,0.900367,0.000000
0.519117,0.208135,0.509684,0.320033,0.412567,0.314545,0.412591,0.175274,0.436764,0.066046,0.601725,0.320175,0.645303,0.183443,0.616288,0.076852,0.490061,0.555099,0.407662,0.555017,0.407747,0.746376,0.407719,0.926646,0.567838,0.557791,0.553141,0.748992,0.524258,0.937557,0.000000
0.486281,0.246408,0.483446,0.317188,0.420811,0.314456,0.399012,0.208336,0.398945,0.091150,0.540717,0.317215,0.559789,0.208257,0.559827,0.093917,0.478070,0.568003,0.429042,0.570704,0.439946,0.753216,0.453515,0.911345,0.529718,0.567952,0.513407,0.753192,0.499792,0.908551,0.000000
0.565668,0.148785,0.560108,0.243981,0.492022,0.246817,0.478392,0.372189,0.459313,0.489371,0.628256,0.238600,0.647322,0.361208,0.680037,0.483780,0.571085,0.467530,0.530188,0.470164,0.538428,0.652791,0.549168,0.840782,0.614601,0.467452,0.600929,0.658173,0.587343,0.835418,0.000000
0.499922,0.140220,0.497318,0.268330,0.415457,0.265625,0.385453,0.404577,0.341870,0.532624,0.587094,0.271016,0.611730,0.412823,0.655303,0.538101,0.494536,0.527184,0.445409,0.527154,0.461734,0.726149,0.472715,0.922320,0.546330,0.527238,0.529991,0.728898,0.513664,0.922253,0.000000
0.508661,0.235503,0.508598,0.342103,0.451336,0.339343,0.456847,0.216380,0.489613,0.126138,0.557830,0.342061,0.555228,0.205483,0.522414,0.123503,0.503155,0.552401,0.462217,0.549722,0.470477,0.740935,0.478613,0.926772,0.541520,0.555095,0.536060,0.741004,0.533194,0.921234,0.000000
0.510592,0.238290,0.513390,0.328139,0.445213,0.325351,0.420873,0.445403,0.382594,0.540634,0.581486,0.330927,0.597977,0.448000,0.641441,0.546131,0.518855,0.529784,0.478035,0.529775,0.486143,0.701454,0.497041,0.881221,0.559795,0.529826,0.548830,0.701461,0.532566,0.870404,0.000000
0.515983,0.240857,0.513385,0.325325,0.458817,0.325317,0.456050,0.194546,0.502376,0.093577,0.570575,0.327935,0.578604,0.194456,0.546004,0.090906,0.518677,0.559574,0.475100,0.556937,0.486055,0.731340,0.486098,0.886652,0.562269,0.559596,0.556973,0.739424,0.565025,0.883931,0.000000
0.491284,0.259565,0.491277,0.341472,0.442119,0.341322,0.420421,0.226969,0.420470,0.115170,0.543069,0.341459,0.562125,0.227006,0.570231,0.120668,0.491309,0.559423,0.450308,0.562037,0.469384,0.728366,0.480280,0.889153,0.534767,0.562029,0.523941,0.728377,0.510382,0.889037,0.000000
0.485991,0.240880,0.486125,0.333376,0.428902,0.330708,0.423411,0.191718,0.458772,0.088157,0.540475,0.330788,0.543239,0.191821,0.505031,0.099044,0.483343,0.559573,0.442336,0.559568,0.445050,0.739477,0.437006,0.886527,0.526936,0.559591,0.518765,0.733960,0.516018,0.886674,0.000000
0.511335,0.258004,0.514060,0.326073,0.462298,0.328815,0.435129,0.203523,0.426996,0.089017,0.563245,0.320726,0.585011,0.195363,0.593134,0.078112,0.514190,0.533191,0.473265,0.533220,0.473308,0.696754,0.475982,0.876558,0.555095,0.533188,0.555015,0.696708,0.557780,0.871025,0.000000
0.492351,0.104536,0.495119,0.219183,0.415914,0.219207,0.402149,0.369404,0.374982,0.497847,0.577219,0.213795,0.601737,0.358611,0.615379,0.486938,0.495093,0.484251,0.440454,0.484180,0.465144,0.705542,0.473268,0.921417,0.552480,0.484261,0.536215,0.705582,0.525213,0.915951,0.000000
0.489759,0.101686,0.489746,0.221932,0.404913,0.222000,0.385795,0.361366,0.339414,0.508851,0.574426,0.219257,0.596253,0.369411,0.637269,0.503321,0.489769,0.495196,0.435030,0.495155,0.445962,0.721911,0.473326,0.924149,0.547015,0.495192,0.541589,0.719160,0.519700,0.924159,0.000000
0.492209,0.101680,0.495037,0.232792,0.404941,0.232794,0.380211,0.374867,0.363951,0.497809,0.585241,0.232777,0.612522,0.369326,0.631624,0.492333,0.497682,0.516919,0.445887,0.519557,0.454128,0.721826,0.456721,0.923997,0.549602,0.516878,0.549642,0.724575,0.549705,0.921215,0.000000
0.508743,0.173764,0.498029,0.274536,0.424330,0.277158,0.405282,0.402477,0.377972,0.519784,0.576995,0.274469,0.601488,0.402647,0.634174,0.527898,0.503302,0.514342,0.451702,0.514344,0.473500,0.710417,0.486925,0.882173,0.552340,0.514317,0.536029,0.707686,0.530712,0.879431,0.000000
0.497907,0.088055,0.492528,0.205574,0.399546,0.205508,0.374871,0.353133,0.350411,0.489769,0.588138,0.205585,0.618149,0.355863,0.659184,0.492506,0.500627,0.481485,0.437839,0.481489,0.454225,0.710996,0.473312,0.940551,0.563417,0.481491,0.541584,0.713776,0.530663,0.937752,0.000000
0.401821,0.077532,0.412807,0.200155,0.333692,0.200251,0.295622,0.336495,0.287367,0.478155,0.494565,0.197396,0.543505,0.328249,0.570713,0.456356,0.423621,0.467269,0.369163,0.469924,0.380008,0.682471,0.420902,0.897734,0.475430,0.464520,0.502663,0.657942,0.472608,0.897695,0.000000
0.502178,0.205208,0.496643,0.297711,0.425945,0.297748,0.409570,0.414872,0.374119,0.513039,0.567520,0.295125,0.581173,0.406732,0.613803,0.504830,0.496674,0.496644,0.453059,0.494016,0.461239,0.662903,0.469506,0.826462,0.540266,0.496634,0.526606,0.665675,0.510203,0.823683,0.000000
0.480772,0.249022,0.488814,0.344454,0.415332,0.347267,0.398952,0.467205,0.360790,0.573438,0.559804,0.339072,0.581565,0.458871,0.625110,0.559803,0.491677,0.551612,0.448017,0.551635,0.458989,0.717766,0.467224,0.884025,0.537912,0.551582,0.529848,0.715073,0.513400,0.883934,0.000000
0.537558,0.278623,0.532104,0.346798,0.482935,0.344061,0.444769,0.221337,0.433936,0.117905,0.581171,0.346806,0.622013,0.229633,0.643642,0.112355,0.529385,0.559250,0.488477,0.559231,0.493825,0.747309,0.493982,0.916289,0.572874,0.559262,0.567374,0.747282,0.564682,0.910815,0.000000
0.489622,0.109838,0.473232,0.235477,0.382953,0.232814,0.355697,0.380278,0.328361,0.503173,0.563402,0.238262,0.598783,0.380332,0.650717,0.503219,0.484118,0.494989,0.432152,0.489592,0.426786,0.713667,0.423951,0.921288,0.533325,0.495017,0.527840,0.719112,0.519646,0.913048,0.000000
0.562745,0.099388,0.570839,0.194924,0.489123,0.192167,0.442853,0.333737,0.535404,0.279325,0.647220,0.194834,0.688117,0.336543,0.592596,0.276595,0.559957,0.483631,0.508201,0.483642,0.530039,0.688097,0.538252,0.906009,0.614437,0.483633,0.598181,0.690857,0.584561,0.895201,0.000000
0.500414,0.136996,0.503245,0.246355,0.429451,0.246390,0.369401,0.325576,0.481339,0.309140,0.574266,0.243676,0.634358,0.336623,0.527869,0.306416,0.503289,0.473169,0.456844,0.473180,0.470354,0.680824,0.494957,0.855606,0.549737,0.473128,0.541443,0.675408,0.530504,0.855749,0.000000
0.491724,0.181142,0.491852,0.246522,0.409956,0.241132,0.361056,0.366367,0.309248,0.467308,0.578988,0.249280,0.606215,0.374650,0.655297,0.478188,0.472701,0.475462,0.418262,0.475437,0.404509,0.690652,0.380064,0.875891,0.527231,0.478091,0.524517,0.696111,0.516219,0.886806,0.000000
0.511240,0.127037,0.513935,0.260597,0.421364,0.255132,0.358533,0.383056,0.298614,0.492215,0.609307,0.268677,0.655555,0.404933,0.701929,0.513959,0.514031,0.489457,0.462166,0.492159,0.464804,0.691056,0.481225,0.868176,0.571126,0.489379,0.565670,0.688274,0.546689,0.870875,0.000000
0.494361,0.096669,0.491670,0.216485,0.423579,0.219193,0.404506,0.355417,0.388208,0.483430,0.559728,0.213732,0.587029,0.349970,0.617038,0.480733,0.502525,0.491664,0.453528,0.491668,0.467203,0.712375,0.483415,0.911238,0.548932,0.491663,0.532598,0.712423,0.513588,0.908625,0.000000
0.478115,0.104749,0.480771,0.219156,0.399058,0.219186,0.388144,0.358251,0.363642,0.491635,0.562525,0.216571,0.576131,0.355504,0.598028,0.483562,0.480840,0.469924,0.431780,0.467160,0.439859,0.690606,0.442619,0.870473,0.529827,0.469868,0.529738,0.687960,0.529801,0.862357,0.000000
0.546395,0.083219,0.549107,0.194928,0.478299,0.194981,0.432014,0.317616,0.393864,0.423793,0.617270,0.192276,0.658236,0.317632,0.704404,0.421078,0.557431,0.462003,0.513679,0.464676,0.508276,0.666336,0.510958,0.838070,0.603675,0.459273,0.592707,0.663668,0.590011,0.840698,0.000000
0.522096,0.075172,0.522012,0.197704,0.426608,0.192331,0.385726,0.350284,0.339473,0.489405,0.620113,0.197740,0.658194,0.355710,0.701807,0.492146,0.513903,0.475678,0.451248,0.475683,0.467487,0.707282,0.467470,0.917160,0.576520,0.478409,0.568340,0.701904,0.568269,0.927971,0.000000
0.510745,0.102064,0.510615,0.210938,0.426165,0.208263,0.349979,0.314448,0.472566,0.298096,0.592460,0.211049,0.665949,0.317317,0.540691,0.298217,0.507906,0.483404,0.448113,0.483424,0.458840,0.701458,0.453505,0.911251,0.562520,0.483407,0.554323,0.701428,0.551480,0.905806,0.000000
0.486095,0.077465,0.486155,0.189250,0.396326,0.183782,0.366279,0.341740,0.333565,0.486123,0.570607,0.194660,0.606145,0.347204,0.647027,0.491611,0.491575,0.450801,0.434476,0.450795,0.437202,0.676969,0.445289,0.903036,0.548872,0.450803,0.538021,0.679635,0.535234,0.897670,0.000000
0.431701,0.069411,0.431791,0.205629,0.347309,0.205618,0.317254,0.358104,0.246507,0.472566,0.518894,0.205621,0.559859,0.358208,0.636052,0.467059,0.437162,0.499905,0.380043,0.502534,0.366335,0.701522,0.358249,0.886792,0.491751,0.499886,0.491682,0.709693,0.499878,0.892247,0.000000
0.514093,0.109792,0.530501,0.238159,0.437684,0.240923,0.404941,0.385734,0.352950,0.503177,0.620711,0.235437,0.647979,0.374868,0.680778,0.505968,0.519537,0.489568,0.470375,0.486877,0.475930,0.721738,0.481418,0.915800,0.568827,0.489550,0.576906,0.710884,0.579747,0.918537,0.000000
0.589716,0.093854,0.578832,0.213685,0.491641,0.211042,0.475300,0.355323,0.445218,0.491668,0.666083,0.216366,0.684977,0.363494,0.701465,0.497082,0.575983,0.491632,0.516210,0.488880,0.532584,0.706891,0.551567,0.922101,0.630522,0.494362,0.608848,0.704170,0.603391,0.922078,0.000000
0.497190,0.110273,0.488924,0.235638,0.399109,0.235655,0.363699,0.388149,0.295612,0.513627,0.576219,0.235596,0.597936,0.388266,0.644393,0.513596,0.478154,0.499946,0.423573,0.499943,0.420852,0.693413,0.407289,0.873188,0.535333,0.502606,0.518993,0.696077,0.529876,0.875869,0.000000
0.491613,0.101985,0.491642,0.210936,0.407228,0.213636,0.338937,0.317222,0.458867,0.298174,0.576070,0.208232,0.652326,0.314391,0.527045,0.298240,0.494286,0.475284,0.437182,0.478008,0.447922,0.706893,0.453402,0.908588,0.548901,0.475214,0.543450,0.701392,0.551497,0.903098,0.000000
0.521534,0.101975,0.518892,0.229968,0.439893,0.229966,0.423429,0.379956,0.382707,0.507890,0.597978,0.229964,0.617020,0.379927,0.652447,0.510803,0.516121,0.497095,0.461639,0.497050,0.472548,0.704224,0.480707,0.908575,0.573291,0.499764,0.554304,0.706877,0.551545,0.903137,0.000000
0.486613,0.113353,0.486661,0.233175,0.394058,0.230543,0.361264,0.374920,0.342320,0.494804,0.576597,0.233209,0.611965,0.369408,0.631077,0.492117,0.486614,0.500216,0.423880,0.500216,0.443114,0.701818,0.451227,0.898132,0.549341,0.500259,0.522102,0.710007,0.502946,0.903586,0.000000
0.407925,0.100152,0.413448,0.222627,0.331620,0.219995,0.285367,0.361677,0.228049,0.481581,0.497877,0.222668,0.549591,0.367128,0.598688,0.486935,0.407945,0.459782,0.356249,0.462463,0.375314,0.688621,0.388878,0.893008,0.459763,0.459690,0.454294,0.680495,0.443474,0.901158,0.000000
0.518929,0.077662,0.513446,0.208331,0.423545,0.202952,0.393604,0.350092,0.352737,0.483578,0.600661,0.211069,0.622590,0.363740,0.663416,0.486261,0.510851,0.502598,0.453517,0.502564,0.464420,0.712475,0.467264,0.919558,0.570738,0.502657,0.546213,0.715118,0.532669,0.927707,0.000000
0.488680,0.094714,0.494185,0.200691,0.401740,0.203382,0.377268,0.363610,0.317567,0.496822,0.591945,0.200628,0.624605,0.355471,0.687134,0.494167,0.502287,0.453354,0.445185,0.456007,0.442392,0.684284,0.428997,0.912548,0.559397,0.453333,0.556708,0.676109,0.562083,0.907233,0.000000
0.507590,0.259666,0.507666,0.341463,0.455804,0.341329,0.434097,0.224269,0.425912,0.112526,0.559300,0.341351,0.581149,0.224158,0.578439,0.109834,0.510247,0.556696,0.469372,0.559312,0.477663,0.731015,0.491229,0.889124,0.551136,0.559340,0.534819,0.731057,0.521299,0.891725,0.000000
0.462276,0.230135,0.456932,0.331241,0.402242,0.328450,0.426783,0.178220,0.432330,0.079749,0.511482,0.333856,0.489580,0.178203,0.473304,0.077055,0.462253,0.563354,0.418568,0.563397,0.434941,0.751941,0.448739,0.921389,0.506016,0.560697,0.492285,0.751868,0.484141,0.924051,0.000000
0.541549,0.227370,0.544277,0.322936,0.492325,0.320219,0.514223,0.172733,0.525141,0.074356,0.593501,0.328376,0.574374,0.178119,0.560633,0.077057,0.536155,0.538819,0.495035,0.538741,0.508749,0.724523,0.519621,0.891240,0.579773,0.541493,0.563317,0.721803,0.549704,0.893976,0.000000
0.537547,0.139556,0.532000,0.254153,0.444802,0.254058,0.417519,0.395766,0.398560,0.518480,0.619163,0.256825,0.640957,0.393121,0.662916,0.523829,0.529370,0.485692,0.482969,0.482974,0.485759,0.701013,0.477530,0.888973,0.578267,0.485694,0.556471,0.703657,0.545601,0.886261,0.000000
0.496828,0.142599,0.510387,0.254269,0.423260,0.256995,0.398763,0.404240,0.352446,0.537759,0.594945,0.251522,0.638421,0.398642,0.684853,0.529495,0.515918,0.483167,0.466833,0.483195,0.472236,0.671214,0.483157,0.829239,0.567672,0.483145,0.559527,0.676600,0.543051,0.829231,0.000000
0.504910,0.145218,0.491311,0.254328,0.404205,0.251545,0.363280,0.401500,0.314303,0.532269,0.578461,0.257044,0.603067,0.401500,0.649385,0.535011,0.488686,0.494055,0.439537,0.494047,0.445061,0.701133,0.464111,0.908241,0.537718,0.494063,0.529411,0.698436,0.510468,0.900050,0.000000
0.505948,0.260783,0.505972,0.326148,0.451540,0.320712,0.427025,0.200759,0.421462,0.075430,0.557684,0.328932,0.579533,0.208933,0.587666,0.108170,0.497865,0.535994,0.459594,0.535978,0.459640,0.704931,0.454172,0.879318,0.538699,0.538643,0.536044,0.704918,0.536024,0.881904,0.000000
0.515806,0.107034,0.513065,0.224170,0.425753,0.224201,0.414970,0.374078,0.365932,0.507604,0.602950,0.224227,0.619247,0.374005,0.668270,0.512946,0.518434,0.483023,0.466585,0.483048,0.469519,0.698247,0.488416,0.900001,0.572976,0.483009,0.553943,0.695626,0.534855,0.894439,0.000000
0.459085,0.208266,0.453680,0.298219,0.393632,0.295649,0.382755,0.420922,0.363672,0.535309,0.516292,0.298248,0.532555,0.420951,0.546183,0.535312,0.453624,0.499963,0.418080,0.499972,0.431718,0.690704,0.445307,0.864995,0.491728,0.499926,0.489033,0.687990,0.478101,0.867750,0.000000
0.494165,0.118003,0.496739,0.248929,0.409534,0.248755,0.379643,0.393253,0.333319,0.521251,0.586667,0.251576,0.613917,0.401383,0.657514,0.529460,0.491401,0.518595,0.439623,0.518567,0.453249,0.720272,0.469557,0.921796,0.545811,0.521259,0.526767,0.725677,0.513133,0.924534,0.000000
0.505019,0.109864,0.504937,0.246074,0.415090,0.246166,0.390583,0.395973,0.346912,0.521275,0.592201,0.243308,0.622219,0.385011,0.668475,0.510492,0.510457,0.510422,0.458659,0.510448,0.472336,0.717544,0.491250,0.911038,0.564864,0.510418,0.545855,0.717520,0.534883,0.916369,0.000000
0.514179,0.107163,0.508805,0.219213,0.424167,0.216473,0.402341,0.366806,0.388558,0.489676,0.588034,0.219191,0.604454,0.366832,0.629013,0.497886,0.506148,0.484167,0.448783,0.478780,0.467868,0.705541,0.478786,0.924139,0.560810,0.486900,0.541574,0.705598,0.530640,0.918637,0.000000
0.513678,0.170304,0.519043,0.276600,0.442728,0.279203,0.393616,0.401876,0.497187,0.333794,0.597988,0.276553,0.660710,0.382820,0.540908,0.333694,0.524442,0.529908,0.472638,0.529964,0.489089,0.736955,0.505444,0.941328,0.576243,0.527252,0.557194,0.734297,0.543565,0.944085,0.000000
0.516232,0.104757,0.513460,0.213718,0.423577,0.213718,0.407269,0.358189,0.363692,0.497123,0.603404,0.213719,0.619881,0.352714,0.677077,0.491777,0.516217,0.478073,0.464514,0.478082,0.486242,0.712419,0.494522,0.911429,0.568048,0.478090,0.557162,0.706980,0.543562,0.927654,0.000000
0.488888,0.104812,0.488963,0.213797,0.399130,0.211146,0.380054,0.355391,0.322813,0.491785,0.578871,0.213823,0.595334,0.358152,0.638918,0.494537,0.489048,0.475413,0.437253,0.475338,0.445447,0.709708,0.458975,0.924938,0.540800,0.478081,0.516233,0.712449,0.505345,0.914000,0.000000
0.506149,0.120924,0.506062,0.232928,0.424211,0.232838,0.407739,0.374898,0.388584,0.503437,0.582692,0.232997,0.604460,0.377765,0.620920,0.506073,0.503376,0.489746,0.448705,0.489713,0.451577,0.700091,0.462429,0.904998,0.558009,0.489764,0.563544,0.700090,0.555266,0.899524,0.000000
0.497882,0.120910,0.495292,0.232961,0.418715,0.235626,0.402220,0.377607,0.383091,0.500711,0.577239,0.232843,0.598919,0.374954,0.618083,0.503433,0.500661,0.486961,0.446051,0.484301,0.440566,0.700157,0.448750,0.899502,0.555255,0.487010,0.552528,0.702777,0.541623,0.902226,0.000000
0.609560,0.078314,0.606790,0.209018,0.527842,0.206352,0.473240,0.353372,0.405158,0.465116,0.685872,0.211722,0.718513,0.353386,0.775711,0.467904,0.606768,0.473283,0.554958,0.473272,0.555089,0.699413,0.579507,0.928279,0.658639,0.473289,0.642271,0.699419,0.631359,0.922946,0.000000
0.483588,0.126673,0.483522,0.246593,0.396380,0.246535,0.363716,0.382718,0.344701,0.508127,0.568085,0.246517,0.600768,0.388148,0.619716,0.508076,0.480922,0.516322,0.420929,0.516319,0.448108,0.726066,0.467172,0.911370,0.540867,0.518968,0.524424,0.720622,0.513573,0.914174,0.000000
0.467205,0.287337,0.469919,0.358022,0.423484,0.352741,0.409824,0.445389,0.388107,0.535154,0.521589,0.360738,0.532515,0.456179,0.546164,0.546057,0.464465,0.524326,0.434418,0.521619,0.447938,0.666032,0.453421,0.802234,0.494374,0.527051,0.486272,0.668669,0.483514,0.802344,0.000000
0.519007,0.126590,0.518990,0.246543,0.434538,0.243777,0.401911,0.382796,0.385431,0.508102,0.603500,0.246535,0.641503,0.382694,0.660642,0.505321,0.518996,0.518968,0.459095,0.518994,0.478117,0.715240,0.489082,0.911349,0.578948,0.518966,0.557148,0.720662,0.535411,0.914077,0.000000
0.506019,0.093485,0.500452,0.235568,0.402201,0.232837,0.372059,0.383054,0.309305,0.503247,0.598820,0.240929,0.642651,0.383064,0.710855,0.508771,0.503255,0.495027,0.448669,0.495047,0.459569,0.719114,0.481430,0.907565,0.555259,0.492325,0.555180,0.713591,0.527875,0.904849,0.000000
0.500449,0.098810,0.505902,0.243744,0.404941,0.246458,0.363955,0.388562,0.295573,0.514146,0.601568,0.238256,0.634459,0.385851,0.697228,0.508673,0.503195,0.497830,0.448578,0.497757,0.451371,0.716381,0.481453,0.915765,0.555218,0.497830,0.546940,0.724501,0.527885,0.910380,0.000000
0.461654,0.129198,0.466953,0.235386,0.379795,0.232801,0.360793,0.379953,0.341813,0.505229,0.554177,0.235412,0.565105,0.366276,0.576059,0.513390,0.461593,0.488878,0.407063,0.486151,0.423479,0.723170,0.431619,0.946601,0.513386,0.488884,0.497083,0.725870,0.491577,0.941210,0.000000
0.540621,0.129169,0.537863,0.235402,0.450713,0.235418,0.439757,0.371703,0.426180,0.513343,0.622470,0.232758,0.641481,0.379878,0.657829,0.502526,0.537910,0.497026,0.486209,0.497026,0.505166,0.725914,0.510692,0.946598,0.589739,0.497003,0.578698,0.728621,0.573341,0.932983,0.000000
0.437182,0.083038,0.437277,0.208370,0.350105,0.208372,0.328302,0.361024,0.281879,0.497221,0.527151,0.208355,0.546295,0.355515,0.592597,0.505304,0.434539,0.494404,0.377284,0.491749,0.382800,0.725991,0.407214,0.935823,0.491821,0.494439,0.486174,0.728762,0.456256,0.941263,0.000000
0.565293,0.082976,0.565230,0.208284,0.478047,0.208322,0.456371,0.355513,0.409988,0.499912,0.649752,0.205683,0.674316,0.363602,0.717897,0.497241,0.565326,0.494429,0.508111,0.494417,0.521646,0.728859,0.551578,0.943999,0.622494,0.494405,0.619754,0.725976,0.598028,0.933105,0.000000
0.515752,0.120741,0.513080,0.235108,0.434018,0.229792,0.423137,0.360420,0.398551,0.485853,0.594802,0.237939,0.602993,0.366019,0.624860,0.496747,0.504978,0.483151,0.453215,0.483115,0.469401,0.687552,0.469402,0.891776,0.556614,0.483181,0.545785,0.692867,0.537710,0.886471,0.000000
0.511072,0.075186,0.511167,0.205884,0.418549,0.205900,0.380358,0.339517,0.355843,0.472935,0.603783,0.203284,0.639185,0.342167,0.661012,0.470313,0.511191,0.478426,0.456670,0.475760,0.470240,0.701822,0.483856,0.914366,0.568346,0.478454,0.546577,0.707244,0.532862,0.917112,0.000000
0.492106,0.075253,0.492065,0.203298,0.399474,0.203241,0.366719,0.339440,0.342197,0.470312,0.584706,0.203258,0.622901,0.342297,0.647383,0.470333,0.489419,0.481113,0.434817,0.478415,0.456713,0.696391,0.470349,0.914393,0.546583,0.481141,0.533029,0.704543,0.516655,0.917090,0.000000
0.440067,0.096842,0.434653,0.192118,0.355679,0.194798,0.312094,0.336547,0.415542,0.273978,0.513620,0.189460,0.560058,0.333785,0.470059,0.282008,0.440160,0.480911,0.385674,0.480912,0.402038,0.688007,0.418289,0.900583,0.491950,0.480972,0.470146,0.682641,0.464546,0.897921,0.000000
0.508640,0.096235,0.503287,0.230037,0.415772,0.227397,0.380297,0.369364,0.328452,0.492403,0.590768,0.230072,0.615351,0.369333,0.664364,0.497869,0.492330,0.503306,0.440454,0.503239,0.448601,0.694575,0.459485,0.904838,0.544275,0.505973,0.533266,0.702719,0.516954,0.899448,0.000000
0.502572,0.091102,0.502473,0.205569,0.423520,0.202897,0.355420,0.295446,0.483390,0.281889,0.576206,0.205637,0.644230,0.298281,0.524317,0.281816,0.499786,0.461702,0.450730,0.461656,0.464441,0.682316,0.472494,0.908619,0.548867,0.461659,0.524369,0.685090,0.507992,0.900399,0.000000
0.497134,0.091021,0.505180,0.205450,0.426251,0.205521,0.358109,0.298134,0.472545,0.281870,0.578774,0.202825,0.646925,0.292828,0.521668,0.284618,0.497186,0.456246,0.450729,0.458924,0.478038,0.679716,0.497069,0.900331,0.546148,0.453499,0.535231,0.679679,0.532482,0.903138,0.000000
0.503448,0.088017,0.511476,0.205659,0.413283,0.208246,0.385992,0.358572,0.344880,0.492456,0.604473,0.205466,0.631849,0.355780,0.653598,0.489682,0.506094,0.478774,0.443271,0.476082,0.465188,0.711028,0.473313,0.940575,0.568926,0.481476,0.549769,0.713692,0.530732,0.937736,0.000000
0.489206,0.095709,0.489171,0.232455,0.401690,0.235123,0.368979,0.371673,0.314338,0.489253,0.576681,0.232426,0.609442,0.360791,0.666780,0.478263,0.486489,0.494685,0.431911,0.491930,0.445462,0.694160,0.470019,0.882672,0.538396,0.494701,0.530159,0.699547,0.508342,0.885403,0.000000
0.511213,0.136746,0.511094,0.237964,0.431957,0.235192,0.415533,0.360951,0.401892,0.494846,0.584913,0.240639,0.604086,0.366295,0.636921,0.497546,0.508514,0.453770,0.464723,0.451058,0.483782,0.680568,0.492010,0.891021,0.554902,0.453778,0.538430,0.686036,0.530323,0.896378,0.000000
0.486627,0.131392,0.489344,0.237922,0.412783,0.237942,0.396371,0.366387,0.363590,0.500232,0.568538,0.235186,0.582289,0.360892,0.598514,0.497524,0.489196,0.456509,0.442862,0.453806,0.462005,0.672397,0.470260,0.882762,0.532996,0.456486,0.513969,0.677876,0.511166,0.890962,0.000000
0.600806,0.077523,0.589796,0.200166,0.508011,0.194747,0.461788,0.325511,0.431787,0.459035,0.671525,0.202865,0.706979,0.339102,0.715218,0.475424,0.578922,0.472689,0.524443,0.469946,0.505318,0.687948,0.527215,0.897802,0.633474,0.475392,0.614383,0.696141,0.581723,0.897760,0.000000
0.555159,0.093379,0.552483,0.221743,0.459536,0.219081,0.432276,0.361229,0.418499,0.489584,0.645250,0.221790,0.669936,0.361118,0.680754,0.489611,0.546978,0.505959,0.494965,0.505920,0.492236,0.719129,0.484112,0.926671,0.601496,0.505924,0.601516,0.721742,0.601621,0.932223,0.000000
0.505863,0.150564,0.511183,0.257209,0.426597,0.257163,0.418346,0.391051,0.382891,0.511189,0.590555,0.254488,0.612367,0.382946,0.650620,0.492054,0.513969,0.497586,0.467469,0.497570,0.470204,0.683462,0.489348,0.863783,0.563129,0.497561,0.555020,0.688838,0.533112,0.860945,0.000000
0.718158,0.129613,0.726265,0.238562,0.636400,0.235847,0.603696,0.380271,0.557343,0.494739,0.813417,0.241277,0.840622,0.385732,0.887054,0.505523,0.731778,0.486522,0.682621,0.486540,0.688220,0.693557,0.707132,0.911533,0.786244,0.486516,0.769816,0.693589,0.750876,0.906126,0.000000
0.486730,0.156099,0.483964,0.262683,0.402051,0.259969,0.382804,0.388380,0.341843,0.497583,0.563192,0.262582,0.579490,0.396530,0.609562,0.508614,0.483931,0.503075,0.434735,0.503025,0.440267,0.691613,0.464729,0.871906,0.533131,0.505748,0.527655,0.691564,0.508522,0.866473,0.000000
0.439617,0.104461,0.431490,0.207945,0.355149,0.207888,0.336063,0.341436,0.292454,0.455937,0.513128,0.207940,0.532215,0.333380,0.567597,0.447758,0.431413,0.434148,0.382326,0.434141,0.390518,0.624915,0.404079,0.812934,0.483147,0.434090,0.466749,0.627554,0.447672,0.815600,0.000000
0.504785,0.213257,0.507598,0.306016,0.436791,0.305971,0.423123,0.415005,0.395880,0.510400,0.575676,0.305900,0.594692,0.417667,0.632988,0.518487,0.510258,0.499428,0.466729,0.499448,0.480397,0.671100,0.499384,0.834523,0.553830,0.496737,0.548394,0.671016,0.534908,0.837340,0.000000
0.262963,0.113121,0.265578,0.224707,0.181091,0.221999,0.162037,0.360957,0.102262,0.494516,0.350156,0.224834,0.369118,0.366549,0.410051,0.494510,0.262939,0.480879,0.213871,0.478242,0.224788,0.704362,0.235637,0.922322,0.314600,0.480908,0.292813,0.709774,0.279314,0.908697,0.000000
0.491910,0.167651,0.491943,0.276716,0.410127,0.276603,0.363768,0.407473,0.461918,0.391130,0.576328,0.276643,0.622708,0.410123,0.524514,0.393779,0.497304,0.535499,0.445556,0.540878,0.450954,0.747993,0.464630,0.906109,0.549101,0.535432,0.535560,0.739866,0.530030,0.900565,0.000000
0.510869,0.167653,0.510912,0.276683,0.423810,0.273979,0.380235,0.407489,0.483718,0.388421,0.595353,0.276681,0.639011,0.407509,0.540977,0.393747,0.508137,0.535480,0.453751,0.535475,0.461948,0.734425,0.472759,0.900603,0.557357,0.535484,0.551762,0.745288,0.538209,0.906062,0.000000
0.504772,0.294991,0.504914,0.382336,0.439436,0.384924,0.428538,0.499371,0.417732,0.592129,0.572987,0.382317,0.592034,0.496628,0.616664,0.591999,0.510351,0.589279,0.466799,0.589331,0.472227,0.750123,0.477609,0.889051,0.553934,0.586609,0.556687,0.750069,0.559344,0.886423,0.000000
0.496784,0.294983,0.494008,0.382299,0.425942,0.382331,0.409593,0.494063,0.384955,0.586691,0.562072,0.382288,0.575593,0.496663,0.586566,0.592110,0.488601,0.586562,0.445019,0.583883,0.442270,0.747400,0.442207,0.889087,0.532139,0.586660,0.529276,0.747404,0.523994,0.886381,0.000000
0.519343,0.088828,0.516590,0.200559,0.448504,0.195114,0.426794,0.306877,0.399549,0.410450,0.584720,0.205923,0.609294,0.309581,0.639311,0.415878,0.514041,0.421258,0.470368,0.421271,0.489507,0.609297,0.505821,0.781000,0.560229,0.421280,0.552040,0.606585,0.541182,0.778237,0.000000
0.483916,0.088857,0.486746,0.203253,0.418616,0.203338,0.394112,0.309607,0.364078,0.418622,0.554789,0.197933,0.576555,0.306768,0.603828,0.413058,0.486747,0.423978,0.445713,0.423958,0.453928,0.606521,0.464805,0.775558,0.530351,0.424020,0.513964,0.609245,0.497519,0.783684,0.000000
0.282083,0.129612,0.276662,0.235903,0.189416,0.241197,0.164938,0.383043,0.115880,0.502889,0.366622,0.235851,0.396622,0.380224,0.442962,0.489287,0.271178,0.489175,0.216727,0.486491,0.235782,0.690881,0.249503,0.906142,0.323016,0.489237,0.312179,0.696336,0.298424,0.908838,0.000000
0.545718,0.148970,0.551145,0.233300,0.485904,0.238631,0.428878,0.341925,0.502266,0.298419,0.616263,0.230504,0.654383,0.339154,0.567401,0.293062,0.540336,0.464211,0.496870,0.464178,0.510443,0.646212,0.515800,0.822940,0.583767,0.466859,0.581060,0.646329,0.575504,0.814719,0.000000
0.456041,0.149009,0.453314,0.233259,0.388111,0.233176,0.347268,0.336536,0.434300,0.293036,0.518564,0.235864,0.572865,0.342004,0.499556,0.301106,0.456114,0.464232,0.415195,0.464201,0.420771,0.643557,0.426248,0.820184,0.502172,0.466852,0.491262,0.643609,0.485821,0.825606,0.000000
0.508411,0.103537,0.516508,0.225752,0.429594,0.228402,0.407957,0.375155,0.372477,0.492123,0.600801,0.223036,0.627953,0.367021,0.666048,0.489383,0.513829,0.478448,0.462147,0.475839,0.464840,0.695877,0.481275,0.926810,0.568214,0.478473,0.562747,0.687778,0.551924,0.918670,0.000000
0.463900,0.278660,0.466678,0.349439,0.414934,0.349471,0.379437,0.218610,0.357665,0.117817,0.515674,0.346735,0.556591,0.229528,0.567410,0.126041,0.469414,0.564690,0.428464,0.562041,0.431253,0.752661,0.436691,0.916204,0.512883,0.562061,0.507461,0.750004,0.507431,0.924332,0.000000
0.519612,0.100081,0.519730,0.225366,0.440602,0.222594,0.416134,0.375278,0.369786,0.500620,0.601455,0.228041,0.617805,0.380746,0.677685,0.500495,0.519583,0.489653,0.467839,0.489636,0.473335,0.704868,0.484263,0.906607,0.571473,0.486960,0.565943,0.704881,0.557720,0.914718,0.000000
0.484141,0.100027,0.484129,0.225383,0.402443,0.228038,0.383416,0.383434,0.326214,0.500501,0.563278,0.225272,0.585115,0.375161,0.634096,0.500568,0.481424,0.489669,0.427017,0.486940,0.432438,0.704953,0.448715,0.912007,0.533237,0.489642,0.527797,0.704885,0.519687,0.914779,0.000000
0.503065,0.110612,0.503022,0.219600,0.418552,0.219647,0.402247,0.364097,0.402136,0.500294,0.584851,0.214292,0.603938,0.355917,0.614665,0.492163,0.505679,0.486664,0.451276,0.486686,0.470419,0.707360,0.489473,0.917205,0.554897,0.486644,0.549341,0.707431,0.532929,0.919904,0.000000
0.500568,0.134403,0.503160,0.246421,0.429442,0.243646,0.372015,0.339252,0.481284,0.303818,0.574319,0.249029,0.637041,0.328335,0.527773,0.309249,0.500485,0.475893,0.454034,0.473194,0.464884,0.680771,0.475890,0.855720,0.546943,0.475900,0.533235,0.686284,0.511417,0.855654,0.000000
0.495231,0.173734,0.503313,0.274565,0.424422,0.274583,0.405198,0.399885,0.372549,0.527878,0.579678,0.274567,0.601384,0.402587,0.628816,0.522521,0.500729,0.516967,0.454296,0.514257,0.470606,0.705033,0.470760,0.879430,0.552334,0.517034,0.530671,0.707781,0.517116,0.884777,0.000000
0.535827,0.096964,0.549310,0.219654,0.464965,0.222373,0.448614,0.345046,0.424043,0.473147,0.628367,0.214287,0.663766,0.345021,0.710123,0.456668,0.557513,0.473092,0.503003,0.473119,0.511243,0.691064,0.530319,0.881793,0.612096,0.473052,0.633885,0.690999,0.647394,0.898104,0.000000
0.404499,0.200024,0.407237,0.314500,0.328063,0.317262,0.295546,0.450790,0.298177,0.562398,0.491534,0.314437,0.535332,0.439790,0.554284,0.557059,0.418015,0.529767,0.368974,0.529779,0.377218,0.747716,0.371776,0.943975,0.467066,0.527043,0.464416,0.745013,0.467079,0.935725,0.000000
0.513012,0.098930,0.510268,0.213394,0.423227,0.210700,0.357790,0.341417,0.286882,0.458632,0.592143,0.216065,0.668380,0.355024,0.747502,0.466855,0.502157,0.474941,0.447668,0.472247,0.466792,0.684751,0.480439,0.900050,0.554030,0.474926,0.543048,0.684724,0.529507,0.899988,0.000000
0.488679,0.098851,0.491311,0.213347,0.406850,0.213405,0.336034,0.352357,0.257046,0.464005,0.575752,0.210730,0.646553,0.344189,0.717450,0.461388,0.494097,0.464089,0.442317,0.466743,0.458567,0.684730,0.469620,0.889108,0.548529,0.464040,0.532243,0.687450,0.521258,0.899958,0.000000
0.510886,0.181107,0.510793,0.246604,0.423676,0.251984,0.393595,0.377259,0.344633,0.480898,0.595280,0.241102,0.638931,0.361028,0.693419,0.469987,0.527116,0.475437,0.472641,0.480823,0.472701,0.698841,0.489057,0.884127,0.578953,0.472681,0.592532,0.687909,0.622610,0.873167,0.000000
0.401576,0.077355,0.385210,0.229836,0.292496,0.227267,0.251685,0.377091,0.218941,0.499713,0.477927,0.227245,0.513336,0.366119,0.556945,0.499716,0.388014,0.507869,0.322625,0.507857,0.319847,0.723080,0.314304,0.916531,0.456131,0.510524,0.458732,0.714948,0.469782,0.913778,0.000000
0.488706,0.104551,0.477939,0.243647,0.388046,0.246359,0.360696,0.385257,0.317198,0.513395,0.565163,0.243557,0.622409,0.374390,0.682258,0.496926,0.494326,0.502461,0.437103,0.505118,0.448029,0.704117,0.480578,0.908455,0.554264,0.502409,0.562367,0.704125,0.546068,0.911112,0.000000
0.513355,0.101998,0.521467,0.240836,0.434314,0.235456,0.379913,0.368908,0.319927,0.494201,0.608696,0.246226,0.641421,0.387947,0.685000,0.513408,0.505108,0.502428,0.445133,0.499749,0.439798,0.706844,0.456061,0.911176,0.565089,0.505196,0.554179,0.706754,0.524204,0.905633,0.000000
0.483251,0.101699,0.472416,0.238028,0.385165,0.235266,0.368839,0.387811,0.336027,0.513235,0.562213,0.240674,0.573122,0.387888,0.600365,0.515996,0.472411,0.507798,0.420479,0.507744,0.417898,0.703957,0.401410,0.889218,0.529526,0.507784,0.516032,0.695833,0.526820,0.883798,0.000000
0.518673,0.101785,0.526876,0.235369,0.439648,0.240778,0.428823,0.390604,0.404142,0.515943,0.616714,0.232558,0.633141,0.385156,0.671203,0.515900,0.526855,0.510438,0.469672,0.505080,0.488634,0.701190,0.477811,0.883758,0.581320,0.510495,0.581354,0.701158,0.603049,0.886535,0.000000
0.488675,0.158911,0.488476,0.257020,0.415083,0.254341,0.368756,0.384987,0.327762,0.493955,0.556710,0.256999,0.597565,0.376850,0.663054,0.488641,0.485818,0.496710,0.439470,0.496724,0.458549,0.684752,0.472261,0.880919,0.532111,0.496698,0.515763,0.684812,0.507690,0.883613,0.000000
0.513048,0.158907,0.513171,0.259643,0.444942,0.257033,0.401382,0.382267,0.338684,0.488674,0.584015,0.256932,0.630196,0.387755,0.676636,0.494101,0.515844,0.496770,0.469486,0.494070,0.485890,0.687447,0.491349,0.880933,0.564866,0.496801,0.545763,0.684810,0.529416,0.880984,0.000000
0.731865,0.107906,0.737334,0.225026,0.647364,0.222410,0.633772,0.374865,0.611939,0.522066,0.829973,0.225014,0.840968,0.380390,0.865397,0.522143,0.734644,0.486652,0.682814,0.483890,0.691027,0.707442,0.707286,0.936215,0.789163,0.486694,0.772704,0.720981,0.756357,0.930872,0.000000
0.516267,0.132056,0.516255,0.232831,0.448116,0.232817,0.431801,0.363754,0.415380,0.494409,0.587094,0.232844,0.608940,0.366474,0.636113,0.486316,0.521673,0.478122,0.470040,0.478132,0.472669,0.660742,0.478052,0.843206,0.573456,0.478087,0.576160,0.660699,0.576099,0.837799,0.000000
0.483628,0.132127,0.486267,0.232910,0.418109,0.232847,0.396343,0.366452,0.366452,0.486323,0.554489,0.232885,0.573425,0.366366,0.589886,0.494436,0.480775,0.475416,0.429120,0.475346,0.426424,0.663380,0.429077,0.840536,0.529928,0.478106,0.529952,0.663324,0.527194,0.840485,0.000000
0.513373,0.085703,0.508049,0.213661,0.423595,0.210927,0.377232,0.355418,0.390790,0.483488,0.592391,0.213788,0.625191,0.355396,0.622454,0.486234,0.505227,0.477989,0.448035,0.477965,0.442658,0.704191,0.431711,0.911258,0.559807,0.480714,0.557082,0.704149,0.557118,0.913968,0.000000
0.510632,0.099262,0.510701,0.216506,0.442704,0.213730,0.420725,0.347309,0.385442,0.480742,0.576170,0.219244,0.598010,0.355464,0.614329,0.486203,0.499823,0.486193,0.450842,0.483507,0.467165,0.712371,0.488953,0.913954,0.548820,0.486256,0.532638,0.712395,0.521685,0.914019,0.000000
0.456243,0.126510,0.453472,0.235583,0.382739,0.238159,0.366349,0.379830,0.339008,0.494418,0.524346,0.235515,0.540655,0.377094,0.581493,0.488949,0.458984,0.486215,0.415372,0.486159,0.428933,0.706878,0.437190,0.897666,0.505180,0.486227,0.491549,0.695989,0.478008,0.892209,0.000000
0.543443,0.126505,0.548786,0.235500,0.477971,0.235516,0.464322,0.374472,0.423427,0.491600,0.616992,0.235495,0.636092,0.377108,0.663358,0.491710,0.546052,0.488914,0.499827,0.486147,0.516173,0.706941,0.527026,0.894852,0.589708,0.488943,0.576103,0.712380,0.565196,0.900306,0.000000
0.491901,0.102170,0.497242,0.227424,0.407351,0.230216,0.377302,0.374658,0.317466,0.494466,0.587188,0.222062,0.628077,0.358176,0.696157,0.472725,0.502622,0.486381,0.445531,0.486370,0.456341,0.701608,0.467201,0.916803,0.557130,0.486370,0.540781,0.704373,0.521813,0.911468,0.000000
0.521739,0.104732,0.521605,0.216486,0.439979,0.216530,0.426327,0.355465,0.404514,0.483580,0.603395,0.216536,0.614387,0.358115,0.641479,0.488983,0.516282,0.469890,0.467263,0.467214,0.472580,0.693329,0.472625,0.867761,0.567920,0.464497,0.562571,0.687836,0.559790,0.870510,0.000000
0.527035,0.121043,0.527070,0.232869,0.450754,0.235508,0.439865,0.374492,0.398961,0.494404,0.603311,0.232840,0.630601,0.385401,0.682348,0.497143,0.529841,0.469883,0.483435,0.469856,0.497055,0.674248,0.513357,0.886719,0.578778,0.469834,0.578768,0.674252,0.573441,0.878573,0.000000
0.475315,0.121034,0.472569,0.232858,0.399007,0.235477,0.369117,0.385489,0.322757,0.497045,0.551504,0.235513,0.562489,0.371804,0.606178,0.494465,0.472560,0.472607,0.423607,0.472554,0.423464,0.677002,0.428908,0.875892,0.518974,0.472629,0.507903,0.682421,0.491604,0.881246,0.000000
0.271340,0.107923,0.266013,0.225071,0.173295,0.225109,0.162327,0.374853,0.137832,0.524749,0.358540,0.225002,0.372150,0.372257,0.393930,0.522076,0.265994,0.486603,0.211383,0.481256,0.230589,0.718209,0.246877,0.930847,0.320399,0.483972,0.312213,0.710094,0.295988,0.936286,0.000000
0.000000,0.000000,0.512865,0.358041,0.538903,0.355340,0.549646,0.278960,0.548124,0.219005,0.488304,0.360765,0.485238,0.276214,0.495945,0.199984,0.522029,0.584166,0.500554,0.589647,0.511292,0.761300,0.528177,0.927505,0.545054,0.578669,0.621747,0.684921,0.525119,0.644071,1.000000
0.715514,0.217378,0.715097,0.315991,0.526271,0.313262,0.373135,0.181787,0.570957,0.072233,0.895446,0.318734,0.986126,0.162740,0.832607,0.069619,0.634449,0.576131,0.472235,0.565173,0.111780,0.672071,0.562424,0.715771,0.814142,0.584340,0.814420,0.759600,0.742098,0.910267,1.000000
0.577365,0.086316,0.553875,0.217052,0.278215,0.208488,0.120795,0.336363,0.475218,0.282366,0.829463,0.228316,0.987053,0.370309,0.687504,0.293732,0.475338,0.481110,0.309734,0.466937,0.121127,0.560804,0.388595,0.660169,0.648305,0.492569,0.553704,0.728313,0.459638,0.932923,1.000000
0.000000,0.000000,0.328229,0.303643,0.491656,0.298181,0.669528,0.172502,0.434842,0.104075,0.178514,0.309094,0.071966,0.166927,0.306720,0.112318,0.391861,0.544047,0.512795,0.538528,0.939957,0.650631,0.484442,0.680698,0.271150,0.549502,0.349244,0.778953,0.434839,0.978508,1.000000
0.455635,0.113835,0.434550,0.221699,0.217708,0.215989,0.014308,0.329664,0.336641,0.326786,0.651911,0.227439,0.791906,0.343877,0.476489,0.326863,0.434806,0.488883,0.301590,0.494478,0.350830,0.710456,0.413807,0.897943,0.581761,0.488771,0.938955,0.642197,0.427826,0.591065,1.000000
0.342401,0.235290,0.310310,0.322831,0.155537,0.320062,0.017236,0.177971,0.269360,0.098820,0.480768,0.322769,0.619032,0.188828,0.407447,0.093238,0.334616,0.546778,0.212791,0.549485,0.285402,0.740667,0.375393,0.937316,0.456356,0.543998,0.927912,0.593160,0.448246,0.620483,1.000000
0.365241,0.237726,0.357539,0.315804,0.207674,0.312752,0.089229,0.174302,0.302360,0.073317,0.530242,0.321502,0.632837,0.177252,0.412686,0.073297,0.341707,0.546599,0.223177,0.546630,0.278521,0.737107,0.365049,0.924807,0.467735,0.543803,0.900673,0.636183,0.428276,0.699539,1.000000
0.658609,0.205405,0.658899,0.303607,0.488524,0.303681,0.350552,0.169829,0.585845,0.090479,0.813310,0.300939,0.950947,0.178060,0.740112,0.082454,0.618049,0.549576,0.488293,0.541445,0.090500,0.645220,0.569584,0.686143,0.739906,0.555085,0.682997,0.760018,0.585813,0.942999,1.000000
0.410514,0.101560,0.397737,0.210879,0.205818,0.213592,0.052368,0.331174,0.340254,0.317479,0.596020,0.208237,0.781094,0.322956,0.474464,0.317571,0.429567,0.492314,0.301695,0.497764,0.372152,0.724629,0.455336,0.934994,0.563847,0.484177,1.005110,0.648099,0.512795,0.618069,1.000000
0.691433,0.246548,0.691212,0.317688,0.525127,0.314909,0.442342,0.175571,0.658156,0.074391,0.840953,0.320356,0.940315,0.175589,0.749215,0.071606,0.657836,0.558011,0.516886,0.552490,0.118379,0.667346,0.641401,0.743798,0.790930,0.563503,0.782608,0.735673,0.724570,0.921427,1.000000
0.785229,0.241088,0.785535,0.317496,0.628610,0.317577,0.619124,0.178100,0.702479,0.077142,0.932619,0.317515,0.942247,0.178176,0.849599,0.079905,0.739070,0.557920,0.573271,0.549721,0.131038,0.661872,0.683701,0.623565,0.886802,0.566152,0.822359,0.754664,0.757473,0.937810,1.000000
0.523915,0.299178,0.523891,0.360583,0.452747,0.357807,0.452806,0.234985,0.503061,0.145482,0.586955,0.360546,0.586831,0.237662,0.549098,0.148277,0.498953,0.575630,0.444353,0.570122,0.243430,0.659369,0.473734,0.667824,0.557368,0.578445,0.532288,0.737733,0.511496,0.894041,1.000000
0.518721,0.091573,0.546222,0.208619,0.262214,0.211371,0.170512,0.353137,0.436236,0.279620,0.830337,0.206017,1.004370,0.339598,0.628605,0.274204,0.564586,0.451213,0.399349,0.451206,0.115480,0.707296,0.702042,0.557539,0.747555,0.448524,0.656271,0.701970,0.582903,0.917206,1.000000
0.000000,0.000000,0.261073,0.316110,0.418970,0.316147,0.458598,0.176136,0.340180,0.079881,0.095557,0.319036,0.103314,0.176079,0.221449,0.079922,0.316318,0.552425,0.450560,0.541524,0.907878,0.623944,0.418760,0.665177,0.174267,0.560683,0.284604,0.758509,0.340259,0.953626,1.000000
0.719111,0.261432,0.729547,0.331741,0.550033,0.331776,0.497566,0.199817,0.634068,0.103053,0.898349,0.334721,0.982806,0.193906,0.761110,0.102987,0.740190,0.557565,0.592198,0.551857,0.106785,0.660254,0.666327,0.683639,0.888089,0.560507,0.834666,0.756984,0.750338,0.930065,1.000000
0.631344,0.102790,0.631384,0.205474,0.406857,0.199822,0.308963,0.328031,0.581982,0.245422,0.862468,0.205429,0.932682,0.342157,0.673404,0.236799,0.589099,0.501688,0.435133,0.490366,0.056536,0.601533,0.554208,0.567286,0.729271,0.510300,0.680348,0.706924,0.588939,0.920550,1.000000
0.586580,0.079014,0.580505,0.199555,0.372890,0.196735,0.228223,0.325599,0.524003,0.303144,0.788176,0.202200,0.933173,0.331173,0.662446,0.303080,0.561761,0.471150,0.435697,0.471137,0.057860,0.628007,0.504909,0.571945,0.681179,0.471226,0.624390,0.700802,0.586594,0.902525,1.000000
0.462024,0.094441,0.471143,0.202504,0.191638,0.199555,0.020287,0.336036,0.335642,0.304606,0.750340,0.205336,0.876338,0.350105,0.543104,0.296181,0.489194,0.469517,0.317891,0.475171,0.443888,0.699597,0.533870,0.912524,0.677890,0.466581,0.903495,0.671175,0.408047,0.549047,1.000000
0.645548,0.227014,0.653519,0.314017,0.470887,0.311358,0.391696,0.175111,0.574344,0.090641,0.828358,0.311403,0.923605,0.167048,0.693411,0.085221,0.606296,0.543002,0.463219,0.534772,0.089767,0.698293,0.494978,0.788167,0.749277,0.551206,0.669657,0.755476,0.598407,0.935413,1.000000
0.457898,0.240528,0.452399,0.316880,0.335688,0.316824,0.394242,0.183318,0.441972,0.090764,0.574341,0.316832,0.558643,0.175258,0.510878,0.093371,0.489424,0.543087,0.404591,0.551222,0.446943,0.744685,0.505421,0.910951,0.574465,0.534910,0.866244,0.627480,0.537224,0.632951,1.000000
0.553982,0.095730,0.557946,0.218192,0.436753,0.218066,0.327935,0.318374,0.503676,0.265463,0.687580,0.218117,0.783996,0.298815,0.587306,0.262751,0.545463,0.474316,0.453481,0.471429,0.206417,0.605028,0.532812,0.610592,0.629188,0.482564,0.591398,0.677513,0.549469,0.908581,1.000000
0.503164,0.246222,0.505774,0.328310,0.442948,0.325527,0.399256,0.412917,0.478585,0.402028,0.563323,0.328313,0.609775,0.413050,0.530419,0.396608,0.492308,0.514053,0.453968,0.511301,0.341940,0.612352,0.478542,0.579614,0.533132,0.516815,0.514041,0.664282,0.505918,0.800931,1.000000
0.512494,0.288306,0.516594,0.363795,0.432886,0.363797,0.391080,0.243642,0.483028,0.165485,0.596288,0.363724,0.638208,0.235358,0.537658,0.162584,0.491620,0.567674,0.428552,0.559349,0.261023,0.701701,0.449536,0.782755,0.558573,0.573363,0.521061,0.760403,0.491517,0.914141,1.000000
0.562282,0.237484,0.552686,0.308907,0.451367,0.306179,0.398053,0.185309,0.514017,0.105590,0.644386,0.308861,0.711929,0.187960,0.591274,0.108374,0.514082,0.531428,0.441675,0.523169,0.204889,0.605614,0.456037,0.677001,0.586359,0.539705,0.562132,0.712782,0.518755,0.885857,1.000000
0.510649,0.124723,0.507948,0.228088,0.426407,0.230702,0.396560,0.363994,0.486235,0.298772,0.589412,0.225397,0.630225,0.355846,0.532465,0.295946,0.507902,0.505175,0.453586,0.494388,0.336720,0.665601,0.502523,0.584018,0.562328,0.516051,0.513360,0.698097,0.486160,0.882987,1.000000
0.465980,0.084738,0.470203,0.212569,0.348874,0.215268,0.248573,0.334712,0.428283,0.306973,0.595465,0.212530,0.716539,0.320818,0.549614,0.312558,0.453418,0.468119,0.365738,0.459716,0.165058,0.559715,0.382307,0.701377,0.536935,0.476426,0.495356,0.676444,0.420142,0.887549,1.000000
0.437507,0.098256,0.441913,0.211514,0.377113,0.214343,0.355462,0.355146,0.420291,0.280624,0.506706,0.208844,0.536886,0.341377,0.461245,0.277866,0.448293,0.454573,0.407334,0.451847,0.340401,0.697746,0.508802,0.526418,0.487231,0.451834,0.472085,0.694904,0.454731,0.899325,1.000000
0.505850,0.270597,0.510428,0.363124,0.401346,0.363186,0.260563,0.251416,0.133255,0.161529,0.614950,0.357798,0.746796,0.254122,0.855868,0.175180,0.533254,0.586600,0.464911,0.597479,0.524123,0.766391,0.560332,0.918881,0.605992,0.578308,0.837761,0.657361,0.569514,0.654578,1.000000
0.000000,0.000000,0.367061,0.464811,0.392893,0.464695,0.400195,0.387438,0.376376,0.329521,0.339458,0.464793,0.326599,0.381925,0.352421,0.323914,0.350563,0.638720,0.372619,0.646926,0.352418,0.779423,0.344966,0.909120,0.330309,0.633163,0.256583,0.693910,0.330248,0.715868,1.000000
0.427443,0.240829,0.434997,0.341971,0.353218,0.341981,0.293763,0.207956,0.405308,0.139712,0.516676,0.339258,0.575958,0.205349,0.460866,0.142477,0.423658,0.565972,0.360592,0.565942,0.163864,0.677932,0.401387,0.713505,0.483051,0.568633,0.490652,0.762723,0.442244,0.951214,1.000000
0.519300,0.307458,0.515423,0.362969,0.425262,0.354738,0.425291,0.235063,0.503729,0.143151,0.605606,0.365765,0.629199,0.251677,0.582198,0.148689,0.484066,0.602415,0.417490,0.596791,0.370333,0.694194,0.507683,0.786172,0.550609,0.608008,0.515300,0.774951,0.495885,0.897471,1.000000
0.509364,0.273481,0.509416,0.338986,0.471275,0.336172,0.471247,0.208017,0.502093,0.117762,0.545732,0.341634,0.545821,0.213341,0.518439,0.117944,0.496623,0.560084,0.469357,0.549206,0.369433,0.636537,0.476682,0.647446,0.520371,0.570987,0.498528,0.751221,0.485696,0.898554,1.000000
0.454514,0.247604,0.460320,0.343536,0.419312,0.340741,0.409499,0.211929,0.409536,0.126994,0.499461,0.346180,0.526908,0.222845,0.542478,0.094120,0.462261,0.584534,0.430989,0.595521,0.475999,0.765381,0.499405,0.913291,0.493552,0.570915,0.595315,0.694107,0.477964,0.669573,1.000000
0.723415,0.355333,0.723449,0.418058,0.686747,0.420720,0.682635,0.298199,0.709178,0.224641,0.758157,0.415283,0.758234,0.300892,0.729566,0.224685,0.731615,0.603115,0.705158,0.608584,0.729556,0.758358,0.741805,0.902778,0.758206,0.597716,0.843847,0.682052,0.747975,0.671316,1.000000
0.000000,0.000000,0.427768,0.352392,0.508835,0.352415,0.525924,0.229520,0.466166,0.142267,0.346578,0.355191,0.354937,0.232321,0.414833,0.142320,0.457663,0.568191,0.525913,0.562725,0.743882,0.628189,0.504736,0.666384,0.393590,0.576334,0.436424,0.751066,0.466247,0.917635,1.000000
0.000000,0.000000,0.543106,0.074537,0.420471,0.071703,0.330661,0.270670,0.505007,0.227073,0.668434,0.079936,0.753016,0.286978,0.583980,0.227145,0.515897,0.472251,0.436893,0.455954,0.205187,0.578540,0.488663,0.641252,0.592167,0.488622,0.548633,0.777457,0.510473,0.995572,1.000000
0.394933,0.191625,0.392076,0.278697,0.359186,0.273378,0.346372,0.384937,0.386401,0.314051,0.424931,0.281450,0.437844,0.385018,0.407822,0.322326,0.384900,0.472161,0.362061,0.466769,0.296295,0.537585,0.380614,0.543047,0.406335,0.477583,0.389210,0.657420,0.373552,0.831850,1.000000
0.495807,0.101241,0.499969,0.213017,0.369961,0.213028,0.336447,0.369475,0.462217,0.291223,0.634122,0.212988,0.667664,0.366491,0.525225,0.291110,0.483147,0.506263,0.399346,0.506225,0.223169,0.698921,0.541833,0.576034,0.558758,0.511784,0.516597,0.726864,0.466348,0.916892,1.000000
0.553335,0.115124,0.553305,0.221322,0.508966,0.218655,0.485992,0.333023,0.542607,0.262275,0.594709,0.218718,0.620782,0.335749,0.567171,0.259517,0.556462,0.461211,0.530413,0.469362,0.551787,0.690112,0.567168,0.878021,0.583986,0.453027,0.682057,0.572939,0.574785,0.567456,1.000000
0.361381,0.416738,0.369730,0.464192,0.302747,0.469651,0.306922,0.355273,0.352996,0.279876,0.432747,0.464190,0.424411,0.355149,0.390670,0.276957,0.386404,0.651331,0.336157,0.656833,0.353048,0.785344,0.386503,0.908328,0.436810,0.645756,0.579290,0.726737,0.403311,0.698814,1.000000
0.349673,0.118008,0.349536,0.205187,0.276056,0.202535,0.232536,0.341419,0.314222,0.316909,0.420532,0.205212,0.469602,0.344160,0.387783,0.316930,0.336017,0.450373,0.289597,0.442261,0.087994,0.540387,0.153402,0.529379,0.382345,0.453161,0.363295,0.676570,0.352312,0.875425,1.000000
0.490725,0.079150,0.490778,0.195715,0.390255,0.195681,0.333836,0.328884,0.453031,0.276227,0.594102,0.193036,0.644363,0.339957,0.528311,0.276196,0.515636,0.456660,0.456234,0.470493,0.496846,0.711919,0.531412,0.925698,0.575322,0.442693,0.782224,0.520477,0.531391,0.581574,1.000000
0.479397,0.154256,0.482412,0.260548,0.436602,0.260531,0.422842,0.396753,0.464088,0.333986,0.526757,0.260419,0.538967,0.391272,0.494708,0.331334,0.485496,0.478463,0.459496,0.486683,0.480863,0.680135,0.494660,0.870787,0.513032,0.470270,0.606235,0.595708,0.508411,0.573852,1.000000
0.494378,0.246165,0.494389,0.336188,0.456279,0.333459,0.429031,0.208103,0.465324,0.104509,0.530679,0.336198,0.557855,0.205258,0.516093,0.099183,0.477996,0.586690,0.445388,0.573176,0.374582,0.673949,0.465323,0.717490,0.510654,0.594936,0.508905,0.761084,0.499746,0.897254,1.000000
0.565941,0.262462,0.570320,0.345769,0.478226,0.343076,0.440566,0.220578,0.532647,0.134352,0.658171,0.342980,0.687510,0.215009,0.586994,0.128849,0.553622,0.562976,0.490666,0.560101,0.310893,0.688206,0.494793,0.791180,0.620377,0.571215,0.566089,0.752083,0.549282,0.905268,1.000000
0.470071,0.151193,0.502814,0.254887,0.442777,0.257578,0.358397,0.361064,0.421001,0.336533,0.568103,0.254825,0.557250,0.355604,0.456451,0.339180,0.489046,0.505511,0.445552,0.513683,0.497267,0.728931,0.532730,0.919712,0.530033,0.497322,0.576340,0.617253,0.497321,0.622629,1.000000
0.512309,0.316013,0.512327,0.366340,0.457972,0.366336,0.461938,0.265726,0.487194,0.201569,0.558468,0.366340,0.558445,0.288108,0.533285,0.212768,0.491467,0.522819,0.449298,0.517189,0.315249,0.595341,0.482898,0.570219,0.537614,0.531104,0.520692,0.659691,0.495640,0.785360,1.000000
0.000000,0.000000,0.244030,0.325220,0.336186,0.322487,0.432848,0.196435,0.306866,0.134716,0.151702,0.328016,0.092688,0.193625,0.227075,0.137625,0.277431,0.560461,0.344557,0.552126,0.588217,0.664116,0.327997,0.686682,0.210377,0.566122,0.252309,0.778953,0.302662,0.983422,1.000000
0.487789,0.115206,0.489453,0.213296,0.443025,0.210603,0.416526,0.335878,0.469531,0.300480,0.537519,0.215988,0.559072,0.344048,0.502735,0.297689,0.494424,0.453086,0.464560,0.455788,0.484420,0.665545,0.499403,0.853565,0.524206,0.450351,0.565738,0.635647,0.479503,0.523921,1.000000
0.465193,0.251753,0.458512,0.339176,0.388896,0.336459,0.352265,0.194391,0.438697,0.120609,0.518513,0.336539,0.574807,0.207962,0.491956,0.117839,0.461897,0.555012,0.415402,0.557801,0.445296,0.751811,0.485070,0.926635,0.508391,0.549597,0.697618,0.598635,0.468619,0.617902,1.000000
0.496539,0.233183,0.500317,0.327211,0.426357,0.330020,0.363405,0.199749,0.466884,0.119539,0.574234,0.324471,0.633450,0.199757,0.533696,0.116652,0.481803,0.568188,0.426225,0.559919,0.244900,0.657005,0.455761,0.692931,0.537260,0.573820,0.507732,0.767758,0.463367,0.942287,1.000000
0.523920,0.265326,0.528238,0.336434,0.452189,0.336370,0.426893,0.202635,0.485958,0.104220,0.608256,0.336407,0.620965,0.197024,0.536553,0.101584,0.528230,0.557596,0.464884,0.554951,0.249728,0.664095,0.502853,0.686046,0.591454,0.557667,0.566049,0.757102,0.532383,0.929138,1.000000
0.469111,0.291513,0.465691,0.352751,0.399557,0.355562,0.382077,0.227370,0.455311,0.135539,0.531843,0.350027,0.552777,0.235696,0.486719,0.140995,0.483065,0.556020,0.430917,0.558842,0.458852,0.723028,0.486497,0.862427,0.531922,0.550480,0.688635,0.653515,0.521455,0.625590,1.000000
0.468687,0.202573,0.475116,0.306346,0.394920,0.306497,0.273202,0.219058,0.180121,0.150792,0.555175,0.298255,0.657748,0.238108,0.760338,0.161696,0.497420,0.527688,0.446221,0.533097,0.478317,0.740604,0.507118,0.909975,0.548733,0.522239,0.728181,0.623231,0.481475,0.601408,1.000000
0.483075,0.194030,0.483088,0.292091,0.432296,0.292099,0.403287,0.403973,0.457765,0.379474,0.530327,0.289527,0.559350,0.401177,0.495837,0.379382,0.485007,0.510261,0.454137,0.512917,0.474042,0.717351,0.486833,0.897300,0.515876,0.507470,0.570301,0.673720,0.454101,0.581165,1.000000
0.525814,0.300200,0.521623,0.364717,0.445097,0.361984,0.409113,0.235902,0.508086,0.146200,0.602164,0.364704,0.642479,0.235868,0.552775,0.140587,0.508063,0.583152,0.445213,0.574882,0.252180,0.681278,0.494565,0.742931,0.570796,0.588759,0.561790,0.751237,0.539388,0.911020,1.000000
0.501302,0.243249,0.504294,0.330324,0.469152,0.324944,0.444639,0.185962,0.493568,0.107028,0.535019,0.327725,0.559497,0.188714,0.518133,0.109657,0.508885,0.553759,0.484408,0.559329,0.499740,0.733652,0.513518,0.897171,0.533471,0.545631,0.614632,0.660133,0.519652,0.624620,1.000000
0.495512,0.252182,0.520473,0.324755,0.441202,0.324742,0.374160,0.227100,0.487044,0.168601,0.591846,0.324693,0.662831,0.221576,0.558178,0.168586,0.491461,0.514430,0.441061,0.506047,0.273669,0.592502,0.474602,0.620391,0.549828,0.522731,0.520556,0.687308,0.483093,0.829700,1.000000
0.457363,0.279588,0.453305,0.357490,0.386206,0.352050,0.390376,0.232134,0.436549,0.129121,0.520175,0.360265,0.520166,0.229357,0.482591,0.131877,0.465671,0.552574,0.411438,0.560833,0.440742,0.736388,0.478224,0.897923,0.520126,0.546948,0.695815,0.633310,0.486646,0.633196,1.000000
0.488117,0.097946,0.488188,0.205626,0.427495,0.208258,0.376653,0.315959,0.466644,0.313202,0.544971,0.202894,0.605538,0.321682,0.509663,0.313262,0.494060,0.459585,0.458802,0.467855,0.480412,0.713595,0.511702,0.926245,0.533157,0.448633,0.675989,0.539622,0.521460,0.567372,1.000000
0.470511,0.256995,0.473829,0.328014,0.407163,0.325295,0.363828,0.194199,0.440475,0.101474,0.547023,0.325368,0.567048,0.186103,0.483877,0.093185,0.440573,0.573716,0.387060,0.570987,0.213808,0.677477,0.420469,0.644779,0.497139,0.576449,0.473914,0.775734,0.443821,0.928753,1.000000
0.499556,0.182219,0.491109,0.274728,0.377900,0.269083,0.281354,0.370007,0.440744,0.367086,0.604594,0.280291,0.680130,0.383828,0.516378,0.367130,0.491203,0.507122,0.419881,0.509890,0.445169,0.700474,0.482708,0.865710,0.566675,0.504370,0.764074,0.636074,0.495439,0.596828,1.000000
0.323933,0.248618,0.316980,0.341374,0.255520,0.335935,0.220123,0.425928,0.302756,0.387741,0.380620,0.352195,0.408942,0.447661,0.347603,0.398516,0.302688,0.534798,0.262677,0.526642,0.220101,0.592126,0.281466,0.665541,0.338213,0.542976,0.316963,0.717390,0.298002,0.861730,1.000000
0.411328,0.246209,0.411401,0.326901,0.323618,0.321417,0.252686,0.187611,0.378032,0.095673,0.490896,0.329671,0.553717,0.190494,0.436486,0.090147,0.398954,0.544268,0.340244,0.546991,0.361207,0.722429,0.411336,0.906399,0.461762,0.544183,0.695845,0.630614,0.448974,0.691784,1.000000
0.604111,0.180546,0.606754,0.265229,0.533038,0.259882,0.503000,0.358238,0.587634,0.292618,0.680546,0.265275,0.705168,0.369038,0.623150,0.292671,0.593063,0.494743,0.546634,0.486564,0.415598,0.576797,0.579468,0.549345,0.636826,0.503018,0.620496,0.666861,0.590342,0.830850,1.000000
0.557142,0.265674,0.552749,0.328312,0.466613,0.317512,0.427886,0.213947,0.527040,0.121259,0.634573,0.333796,0.694623,0.219384,0.599915,0.123969,0.492449,0.535470,0.428001,0.521794,0.268878,0.565323,0.445238,0.682547,0.552829,0.549085,0.531061,0.723411,0.501121,0.906043,1.000000
0.512791,0.113750,0.515412,0.231616,0.442309,0.231606,0.364059,0.341101,0.486634,0.330106,0.591062,0.231585,0.658935,0.327425,0.536256,0.324640,0.507564,0.502735,0.447622,0.497213,0.290921,0.626126,0.476328,0.595830,0.559833,0.508248,0.536315,0.721953,0.507605,0.911040,1.000000
0.463289,0.269898,0.463182,0.349520,0.403855,0.346856,0.390555,0.231502,0.433583,0.132691,0.519315,0.349655,0.519434,0.228902,0.483027,0.132765,0.486382,0.538913,0.443498,0.544408,0.463147,0.711917,0.486374,0.865541,0.529217,0.533443,0.681041,0.610424,0.506141,0.624007,1.000000
0.545749,0.245908,0.540309,0.322353,0.485861,0.319605,0.463978,0.202328,0.447747,0.090647,0.594814,0.324961,0.619387,0.202354,0.630210,0.085220,0.529376,0.529361,0.485861,0.521280,0.368590,0.632860,0.504918,0.613866,0.570213,0.534843,0.540256,0.692822,0.526640,0.864528,1.000000
0.470400,0.257596,0.470292,0.324585,0.378095,0.324593,0.323674,0.184912,0.445202,0.098399,0.558383,0.321706,0.617069,0.184942,0.499658,0.095563,0.482854,0.561942,0.415977,0.567617,0.445056,0.743557,0.483012,0.911229,0.545870,0.550871,0.767997,0.645830,0.482858,0.645752,1.000000
0.554024,0.204432,0.570681,0.299219,0.457532,0.299411,0.331746,0.385971,0.398834,0.477981,0.679758,0.293811,0.809628,0.383112,0.742619,0.480863,0.558159,0.528433,0.482815,0.522848,0.264755,0.626132,0.516286,0.628853,0.629446,0.533975,0.579212,0.721171,0.549918,0.877500,1.000000
0.482573,0.107427,0.484182,0.216568,0.435079,0.219243,0.415079,0.344509,0.470395,0.292788,0.533258,0.213834,0.556297,0.341789,0.502565,0.284543,0.481118,0.472569,0.450427,0.467190,0.361412,0.603355,0.470348,0.565204,0.510224,0.478025,0.491850,0.706943,0.473438,0.894981,1.000000
0.566172,0.134057,0.564675,0.229672,0.523238,0.232301,0.489535,0.335886,0.553910,0.322325,0.606061,0.229588,0.642896,0.327802,0.579990,0.325136,0.569290,0.475131,0.543186,0.480548,0.557045,0.679602,0.576919,0.857052,0.596904,0.469638,0.684287,0.611435,0.583045,0.586893,1.000000
0.460343,0.094123,0.474053,0.209250,0.427065,0.209151,0.364434,0.327011,0.411411,0.275077,0.521008,0.211935,0.538584,0.335299,0.446685,0.274992,0.462275,0.472202,0.425110,0.480467,0.462265,0.696920,0.483808,0.894132,0.499450,0.461233,0.614798,0.603778,0.479856,0.579118,1.000000
0.379644,0.070429,0.423847,0.195136,0.266546,0.192401,0.065220,0.319984,0.216034,0.267269,0.580968,0.195212,0.643898,0.328261,0.335665,0.264450,0.386020,0.469747,0.260384,0.480795,0.379984,0.708259,0.467617,0.916151,0.511942,0.461342,0.901611,0.611159,0.448968,0.586115,1.000000
0.494388,0.166890,0.494381,0.256868,0.451313,0.254142,0.426470,0.360381,0.472848,0.335939,0.535789,0.259591,0.550833,0.376642,0.505988,0.327681,0.497726,0.461251,0.472826,0.469327,0.489416,0.649180,0.501031,0.820888,0.524282,0.455728,0.610452,0.553915,0.510977,0.534757,1.000000
0.361511,0.077788,0.361495,0.200163,0.165114,0.197548,0.066549,0.330928,0.297966,0.273780,0.557843,0.197484,0.656112,0.339196,0.430636,0.276439,0.401974,0.461588,0.292201,0.475209,0.373037,0.720312,0.436539,0.935514,0.523207,0.445354,0.904920,0.524254,0.436599,0.584244,1.000000
0.256075,0.243951,0.255764,0.338234,0.093379,0.335418,0.021412,0.204002,0.166052,0.089780,0.427255,0.341102,0.435845,0.198251,0.310137,0.086816,0.327856,0.558262,0.193161,0.564027,0.247233,0.758327,0.319243,0.929681,0.454276,0.549746,0.904659,0.646749,0.354780,0.652569,1.000000
0.598301,0.096616,0.598575,0.224241,0.425753,0.224147,0.235460,0.335621,0.527016,0.322098,0.782827,0.224253,0.943751,0.324661,0.646096,0.319223,0.580572,0.506706,0.443503,0.498644,0.068446,0.642582,0.515095,0.599115,0.705747,0.512181,0.646267,0.737638,0.580595,0.944122,1.000000
0.530801,0.109685,0.548612,0.218979,0.352161,0.221673,0.138027,0.325418,0.257130,0.431910,0.739374,0.213470,0.959592,0.320042,0.834540,0.440122,0.530949,0.497422,0.399958,0.489233,0.012998,0.612095,0.453596,0.609372,0.655819,0.505608,0.566526,0.721339,0.513066,0.907057,1.000000
0.664589,0.120987,0.645616,0.229874,0.456468,0.227075,0.393565,0.360757,0.614116,0.273579,0.834659,0.232594,0.904297,0.368798,0.734056,0.284363,0.607817,0.475133,0.487929,0.469666,0.103124,0.559655,0.582468,0.567781,0.727418,0.480550,0.626505,0.714940,0.544740,0.938391,1.000000
0.677928,0.026958,0.723732,0.138267,0.551417,0.135531,0.401958,0.260426,0.603063,0.225046,0.890523,0.140981,0.936440,0.268573,0.694915,0.219759,0.672128,0.406979,0.568676,0.398900,0.194995,0.507488,0.631876,0.520984,0.775444,0.409773,0.723860,0.635055,0.671815,0.895622,1.000000
0.678363,0.248838,0.669134,0.338273,0.471014,0.335345,0.398905,0.199842,0.336225,0.075890,0.849363,0.338177,0.984753,0.202643,0.984946,0.096001,0.624448,0.562982,0.480168,0.557191,0.092645,0.681285,0.543098,0.655259,0.768313,0.568809,0.669337,0.753256,0.606150,0.934976,1.000000
0.356285,0.256954,0.356395,0.325199,0.171016,0.325272,0.065879,0.183398,0.292277,0.093403,0.534066,0.319771,0.646966,0.183326,0.412956,0.093236,0.364836,0.570684,0.235421,0.578937,0.292256,0.756212,0.380629,0.930838,0.509635,0.559857,0.945035,0.655312,0.404786,0.649805,1.000000
0.491208,0.265924,0.491299,0.344065,0.403310,0.338507,0.386447,0.212803,0.482970,0.117885,0.583371,0.344095,0.625504,0.223972,0.537278,0.126221,0.482836,0.573105,0.420051,0.570423,0.428443,0.765873,0.453682,0.933479,0.541591,0.570383,0.751317,0.673768,0.503861,0.665306,1.000000
0.600582,0.102099,0.608370,0.214796,0.356525,0.214805,0.293579,0.372519,0.537780,0.290830,0.860551,0.214717,0.915663,0.369585,0.655996,0.290883,0.576898,0.507724,0.419566,0.504948,0.088759,0.702098,0.616451,0.592167,0.719003,0.510510,0.632170,0.730273,0.537527,0.924661,1.000000
0.593477,0.092265,0.587405,0.216762,0.410967,0.214067,0.241164,0.319140,0.511734,0.263886,0.788325,0.214121,0.933392,0.297093,0.643902,0.261167,0.574645,0.474202,0.436216,0.471372,0.065114,0.609701,0.555887,0.612427,0.706748,0.479708,0.643671,0.681603,0.574740,0.914119,1.000000
0.319512,0.262682,0.343424,0.349712,0.146217,0.343986,0.099171,0.237389,0.019993,0.119472,0.540254,0.360914,0.524117,0.461996,0.217377,0.467545,0.343213,0.574234,0.217402,0.579760,0.264325,0.767841,0.311606,0.933395,0.469332,0.571354,0.894330,0.683644,0.414327,0.697602,1.000000
0.687949,0.260189,0.679940,0.349887,0.473618,0.355461,0.529018,0.450579,0.886053,0.442465,0.886211,0.339049,0.933731,0.186801,0.862528,0.048053,0.679777,0.578470,0.536730,0.573098,0.092831,0.681816,0.608164,0.700898,0.822664,0.581248,0.743439,0.758059,0.671962,0.970186,1.000000
0.574910,0.074227,0.575393,0.205931,0.380370,0.206040,0.223477,0.326509,0.512187,0.304008,0.776228,0.203140,0.958603,0.315196,0.656998,0.298499,0.549900,0.472031,0.411890,0.458147,0.091418,0.567298,0.424303,0.710257,0.675873,0.480461,0.619176,0.687816,0.493585,0.920245,1.000000
0.300450,0.235370,0.318790,0.341201,0.138395,0.335690,0.093198,0.204684,0.093543,0.115384,0.498957,0.341311,0.633887,0.210115,0.697125,0.081899,0.327461,0.578306,0.183394,0.589469,0.390757,0.762422,0.490097,0.912971,0.471676,0.567100,0.913507,0.698280,0.399827,0.667595,1.000000
0.637221,0.227369,0.618431,0.295581,0.404850,0.292883,0.293117,0.164900,0.553157,0.080351,0.813892,0.295585,0.935326,0.170244,0.702102,0.083012,0.543857,0.538086,0.385971,0.529894,0.022727,0.600803,0.404357,0.685281,0.692906,0.546251,0.646399,0.726097,0.553404,0.916822,1.000000
0.657451,0.259618,0.642009,0.328994,0.476362,0.320756,0.405690,0.206842,0.602634,0.104111,0.799459,0.331907,0.917837,0.215152,0.728507,0.112526,0.539269,0.553910,0.413379,0.537313,0.114341,0.584540,0.507934,0.734369,0.657699,0.565114,0.602318,0.748284,0.539731,0.950999,1.000000
0.304499,0.258004,0.312318,0.341637,0.139064,0.344406,0.131143,0.188393,0.241524,0.088169,0.485314,0.336070,0.485268,0.188531,0.343849,0.085460,0.359422,0.578412,0.233403,0.584035,0.351292,0.781699,0.406776,0.971083,0.493297,0.570082,0.918431,0.678643,0.469410,0.673047,1.000000
0.506849,0.228385,0.499128,0.319122,0.428551,0.319098,0.381424,0.203664,0.373412,0.110251,0.565902,0.319050,0.624669,0.206342,0.640346,0.118520,0.483435,0.533350,0.428454,0.527770,0.255597,0.607479,0.467784,0.601956,0.534525,0.538872,0.518807,0.692746,0.471712,0.862979,1.000000
0.366656,0.091763,0.366504,0.205521,0.165678,0.199890,0.058445,0.339003,0.266287,0.307757,0.555384,0.208234,0.637101,0.358882,0.410756,0.296341,0.385433,0.469685,0.266227,0.480991,0.347774,0.713906,0.404295,0.938440,0.511338,0.461140,0.913837,0.594620,0.454673,0.566199,1.000000
0.303673,0.243266,0.303903,0.319616,0.096132,0.314235,0.020545,0.186022,0.284802,0.082422,0.520733,0.319617,0.624442,0.196992,0.407487,0.090593,0.275348,0.562408,0.124438,0.562436,0.171405,0.764224,0.209725,0.938768,0.426429,0.559680,0.935600,0.666115,0.322778,0.663329,1.000000
0.252208,0.232419,0.243882,0.314202,0.019085,0.316850,0.152339,0.177952,0.227110,0.079837,0.443093,0.311377,0.418298,0.167019,0.343339,0.082615,0.301777,0.545749,0.168540,0.551265,0.235204,0.755544,0.326865,0.927316,0.443081,0.537560,0.925252,0.635722,0.376711,0.635766,1.000000
0.503693,0.206997,0.508237,0.310031,0.391632,0.309998,0.239162,0.184794,0.113517,0.089978,0.620313,0.304511,0.763907,0.184672,0.880320,0.098400,0.535241,0.555146,0.459011,0.566323,0.521513,0.755702,0.557564,0.925578,0.615851,0.544068,0.866846,0.635821,0.575532,0.633082,1.000000
0.532646,0.120840,0.547442,0.241130,0.438867,0.243795,0.274245,0.145396,0.143256,0.063501,0.648726,0.235567,0.790823,0.164500,0.925800,0.077153,0.570095,0.500588,0.502611,0.506074,0.551323,0.743775,0.588648,0.940530,0.641173,0.492418,0.884443,0.609996,0.555021,0.590753,1.000000
0.704511,0.251872,0.704379,0.324888,0.524376,0.319165,0.434215,0.187493,0.623286,0.099745,0.884954,0.325025,0.984265,0.178832,0.731714,0.085235,0.623723,0.573548,0.479127,0.570557,0.019144,0.681638,0.569146,0.646603,0.776597,0.579284,0.722417,0.769407,0.623774,0.930257,1.000000
0.409190,0.099319,0.409306,0.205717,0.235834,0.205709,0.099996,0.317295,0.349415,0.314624,0.577307,0.205654,0.750562,0.328200,0.474204,0.314526,0.425417,0.464456,0.322428,0.472682,0.392843,0.717938,0.485085,0.946798,0.539194,0.453655,0.940635,0.546154,0.501366,0.576203,1.000000
0.326166,0.245580,0.326166,0.323934,0.154321,0.323951,0.100143,0.172842,0.279324,0.072094,0.482589,0.323853,0.545118,0.178509,0.373223,0.069268,0.357500,0.561718,0.224731,0.567217,0.295107,0.754773,0.365376,0.930891,0.490692,0.556144,0.896809,0.673641,0.443652,0.648430,1.000000
0.300227,0.243589,0.290570,0.333535,0.109334,0.330746,0.118682,0.189066,0.252388,0.074674,0.472472,0.336235,0.443846,0.183728,0.357866,0.074648,0.319159,0.551452,0.176123,0.556930,0.252520,0.755886,0.357370,0.941166,0.462464,0.543380,0.921708,0.638717,0.357419,0.635999,1.000000
0.489432,0.259730,0.491179,0.338894,0.451250,0.341636,0.438434,0.210655,0.443933,0.098727,0.529362,0.333419,0.545772,0.205280,0.543916,0.098670,0.491265,0.581920,0.463916,0.587402,0.487548,0.759432,0.505739,0.934072,0.520307,0.576405,0.594882,0.704793,0.520300,0.808495,1.000000
